PERMNO,date,TICKER,PRC,RETX
10107,01/03/2012,MSFT,26.76500,0.031009
10107,01/04/2012,MSFT,27.40000,0.023725
10107,01/05/2012,MSFT,27.68000,0.010219
10107,01/06/2012,MSFT,28.10500,0.015354
10107,01/09/2012,MSFT,27.74000,-0.012987
10107,01/10/2012,MSFT,27.84000,0.003605
10107,01/11/2012,MSFT,27.72000,-0.004310
10107,01/12/2012,MSFT,28.00000,0.010101
10107,01/13/2012,MSFT,28.25000,0.008929
10107,01/17/2012,MSFT,28.25500,0.000177
10107,01/18/2012,MSFT,28.23000,-0.000885
10107,01/19/2012,MSFT,28.12000,-0.003897
10107,01/20/2012,MSFT,29.71000,0.056543
10107,01/23/2012,MSFT,29.73000,0.000673
10107,01/24/2012,MSFT,29.34000,-0.013118
10107,01/25/2012,MSFT,29.56000,0.007498
10107,01/26/2012,MSFT,29.50000,-0.002030
10107,01/27/2012,MSFT,29.23000,-0.009153
10107,01/30/2012,MSFT,29.61000,0.013000
10107,01/31/2012,MSFT,29.53000,-0.002702
10107,02/01/2012,MSFT,29.89000,0.012191
10107,02/02/2012,MSFT,29.95000,0.002007
10107,02/03/2012,MSFT,30.24000,0.009683
10107,02/06/2012,MSFT,30.20000,-0.001323
10107,02/07/2012,MSFT,30.35000,0.004967
10107,02/08/2012,MSFT,30.66000,0.010214
10107,02/09/2012,MSFT,30.77000,0.003588
10107,02/10/2012,MSFT,30.49500,-0.008937
10107,02/13/2012,MSFT,30.58000,0.002787
10107,02/14/2012,MSFT,30.25000,-0.010791
10107,02/15/2012,MSFT,30.05000,-0.006612
10107,02/16/2012,MSFT,31.28500,0.041098
10107,02/17/2012,MSFT,31.25000,-0.001119
10107,02/21/2012,MSFT,31.44000,0.006080
10107,02/22/2012,MSFT,31.27000,-0.005407
10107,02/23/2012,MSFT,31.37000,0.003198
10107,02/24/2012,MSFT,31.48000,0.003506
10107,02/27/2012,MSFT,31.35000,-0.004130
10107,02/28/2012,MSFT,31.87000,0.016587
10107,02/29/2012,MSFT,31.74000,-0.004079
10107,03/01/2012,MSFT,32.29000,0.017328
10107,03/02/2012,MSFT,32.07500,-0.006658
10107,03/05/2012,MSFT,31.80000,-0.008574
10107,03/06/2012,MSFT,31.55500,-0.007704
10107,03/07/2012,MSFT,31.84000,0.009032
10107,03/08/2012,MSFT,32.01000,0.005339
10107,03/09/2012,MSFT,31.99000,-0.000625
10107,03/12/2012,MSFT,32.04000,0.001563
10107,03/13/2012,MSFT,32.67000,0.019663
10107,03/14/2012,MSFT,32.77000,0.003061
10107,03/15/2012,MSFT,32.85000,0.002441
10107,03/16/2012,MSFT,32.60000,-0.007610
10107,03/19/2012,MSFT,32.20000,-0.012270
10107,03/20/2012,MSFT,31.99000,-0.006522
10107,03/21/2012,MSFT,31.91000,-0.002501
10107,03/22/2012,MSFT,31.99500,0.002664
10107,03/23/2012,MSFT,32.01000,0.000469
10107,03/26/2012,MSFT,32.59000,0.018119
10107,03/27/2012,MSFT,32.52000,-0.002148
10107,03/28/2012,MSFT,32.19000,-0.010148
10107,03/29/2012,MSFT,32.12000,-0.002175
10107,03/30/2012,MSFT,32.25500,0.004203
10107,04/02/2012,MSFT,32.29000,0.001085
10107,04/03/2012,MSFT,31.94000,-0.010839
10107,04/04/2012,MSFT,31.21000,-0.022855
10107,04/05/2012,MSFT,31.52000,0.009933
10107,04/09/2012,MSFT,31.10000,-0.013325
10107,04/10/2012,MSFT,30.47000,-0.020257
10107,04/11/2012,MSFT,30.34500,-0.004102
10107,04/12/2012,MSFT,30.97500,0.020761
10107,04/13/2012,MSFT,30.81000,-0.005327
10107,04/16/2012,MSFT,31.07500,0.008601
10107,04/17/2012,MSFT,31.44000,0.011746
10107,04/18/2012,MSFT,31.14000,-0.009542
10107,04/19/2012,MSFT,31.01000,-0.004175
10107,04/20/2012,MSFT,32.42000,0.045469
10107,04/23/2012,MSFT,32.12000,-0.009254
10107,04/24/2012,MSFT,31.92000,-0.006227
10107,04/25/2012,MSFT,32.20000,0.008772
10107,04/26/2012,MSFT,32.11000,-0.002795
10107,04/27/2012,MSFT,31.98000,-0.004049
10107,04/30/2012,MSFT,32.01500,0.001094
10107,05/01/2012,MSFT,32.01000,-0.000156
10107,05/02/2012,MSFT,31.80000,-0.006560
10107,05/03/2012,MSFT,31.76000,-0.001258
10107,05/04/2012,MSFT,30.98000,-0.024559
10107,05/07/2012,MSFT,30.65000,-0.010652
10107,05/08/2012,MSFT,30.50000,-0.004894
10107,05/09/2012,MSFT,30.76000,0.008525
10107,05/10/2012,MSFT,30.74000,-0.000650
10107,05/11/2012,MSFT,31.16000,0.013663
10107,05/14/2012,MSFT,30.68000,-0.015404
10107,05/15/2012,MSFT,30.21000,-0.015319
10107,05/16/2012,MSFT,29.90000,-0.010261
10107,05/17/2012,MSFT,29.72000,-0.006020
10107,05/18/2012,MSFT,29.27000,-0.015141
10107,05/21/2012,MSFT,29.75000,0.016399
10107,05/22/2012,MSFT,29.76000,0.000336
10107,05/23/2012,MSFT,29.11000,-0.021841
10107,05/24/2012,MSFT,29.07000,-0.001374
10107,05/25/2012,MSFT,29.06000,-0.000344
10107,05/29/2012,MSFT,29.56000,0.017206
10107,05/30/2012,MSFT,29.34000,-0.007442
10107,05/31/2012,MSFT,29.19000,-0.005112
10107,06/01/2012,MSFT,28.45000,-0.025351
10107,06/04/2012,MSFT,28.55000,0.003515
10107,06/05/2012,MSFT,28.50500,-0.001576
10107,06/06/2012,MSFT,29.35000,0.029644
10107,06/07/2012,MSFT,29.23000,-0.004089
10107,06/08/2012,MSFT,29.65000,0.014369
10107,06/11/2012,MSFT,28.89500,-0.025464
10107,06/12/2012,MSFT,29.29000,0.013670
10107,06/13/2012,MSFT,29.13000,-0.005463
10107,06/14/2012,MSFT,29.34000,0.007209
10107,06/15/2012,MSFT,30.02000,0.023177
10107,06/18/2012,MSFT,29.84000,-0.005996
10107,06/19/2012,MSFT,30.70000,0.028820
10107,06/20/2012,MSFT,30.93000,0.007492
10107,06/21/2012,MSFT,30.13500,-0.025703
10107,06/22/2012,MSFT,30.70000,0.018749
10107,06/25/2012,MSFT,29.86500,-0.027199
10107,06/26/2012,MSFT,30.02000,0.005190
10107,06/27/2012,MSFT,30.17000,0.004997
10107,06/28/2012,MSFT,29.91000,-0.008618
10107,06/29/2012,MSFT,30.59000,0.022735
10107,07/02/2012,MSFT,30.56000,-0.000981
10107,07/03/2012,MSFT,30.76000,0.006545
10107,07/05/2012,MSFT,30.70000,-0.001951
10107,07/06/2012,MSFT,30.18500,-0.016775
10107,07/09/2012,MSFT,30.00000,-0.006129
10107,07/10/2012,MSFT,29.74000,-0.008667
10107,07/11/2012,MSFT,29.30000,-0.014795
10107,07/12/2012,MSFT,28.63000,-0.022867
10107,07/13/2012,MSFT,29.39000,0.026546
10107,07/16/2012,MSFT,29.44000,0.001701
10107,07/17/2012,MSFT,29.66000,0.007473
10107,07/18/2012,MSFT,30.45000,0.026635
10107,07/19/2012,MSFT,30.66500,0.007061
10107,07/20/2012,MSFT,30.11500,-0.017936
10107,07/23/2012,MSFT,29.28000,-0.027727
10107,07/24/2012,MSFT,29.15000,-0.004440
10107,07/25/2012,MSFT,28.83000,-0.010978
10107,07/26/2012,MSFT,29.16000,0.011446
10107,07/27/2012,MSFT,29.75500,0.020405
10107,07/30/2012,MSFT,29.64000,-0.003865
10107,07/31/2012,MSFT,29.47000,-0.005735
10107,08/01/2012,MSFT,29.41000,-0.002036
10107,08/02/2012,MSFT,29.19000,-0.007480
10107,08/03/2012,MSFT,29.75000,0.019185
10107,08/06/2012,MSFT,29.95000,0.006723
10107,08/07/2012,MSFT,30.26000,0.010351
10107,08/08/2012,MSFT,30.33000,0.002313
10107,08/09/2012,MSFT,30.50000,0.005605
10107,08/10/2012,MSFT,30.42000,-0.002623
10107,08/13/2012,MSFT,30.39000,-0.000986
10107,08/14/2012,MSFT,30.13000,-0.008555
10107,08/15/2012,MSFT,30.20000,0.002323
10107,08/16/2012,MSFT,30.78000,0.019205
10107,08/17/2012,MSFT,30.90000,0.003899
10107,08/20/2012,MSFT,30.74000,-0.005178
10107,08/21/2012,MSFT,30.80000,0.001952
10107,08/22/2012,MSFT,30.54000,-0.008442
10107,08/23/2012,MSFT,30.25500,-0.009332
10107,08/24/2012,MSFT,30.56000,0.010081
10107,08/27/2012,MSFT,30.69000,0.004254
10107,08/28/2012,MSFT,30.63000,-0.001955
10107,08/29/2012,MSFT,30.65000,0.000653
10107,08/30/2012,MSFT,30.32000,-0.010767
10107,08/31/2012,MSFT,30.82000,0.016491
10107,09/04/2012,MSFT,30.38500,-0.014114
10107,09/05/2012,MSFT,30.39000,0.000165
10107,09/06/2012,MSFT,31.34500,0.031425
10107,09/07/2012,MSFT,30.95000,-0.012602
10107,09/10/2012,MSFT,30.72000,-0.007431
10107,09/11/2012,MSFT,30.79000,0.002279
10107,09/12/2012,MSFT,30.78000,-0.000325
10107,09/13/2012,MSFT,30.93500,0.005036
10107,09/14/2012,MSFT,31.21000,0.008890
10107,09/17/2012,MSFT,31.21000,0.000000
10107,09/18/2012,MSFT,31.17500,-0.001121
10107,09/19/2012,MSFT,31.05200,-0.003945
10107,09/20/2012,MSFT,31.45000,0.012817
10107,09/21/2012,MSFT,31.19000,-0.008267
10107,09/24/2012,MSFT,30.78000,-0.013145
10107,09/25/2012,MSFT,30.39000,-0.012671
10107,09/26/2012,MSFT,30.16500,-0.007404
10107,09/27/2012,MSFT,30.16000,-0.000166
10107,09/28/2012,MSFT,29.76000,-0.013263
10107,10/01/2012,MSFT,29.49000,-0.009073
10107,10/02/2012,MSFT,29.66000,0.005765
10107,10/03/2012,MSFT,29.86000,0.006743
10107,10/04/2012,MSFT,30.03000,0.005693
10107,10/05/2012,MSFT,29.85000,-0.005994
10107,10/08/2012,MSFT,29.78000,-0.002345
10107,10/09/2012,MSFT,29.28000,-0.016790
10107,10/10/2012,MSFT,28.98000,-0.010246
10107,10/11/2012,MSFT,28.95000,-0.001035
10107,10/12/2012,MSFT,29.20000,0.008636
10107,10/15/2012,MSFT,29.51000,0.010616
10107,10/16/2012,MSFT,29.49000,-0.000678
10107,10/17/2012,MSFT,29.59000,0.003391
10107,10/18/2012,MSFT,29.49500,-0.003211
10107,10/19/2012,MSFT,28.64000,-0.028988
10107,10/22/2012,MSFT,28.00000,-0.022346
10107,10/23/2012,MSFT,28.04700,0.001679
10107,10/24/2012,MSFT,27.90190,-0.005174
10107,10/25/2012,MSFT,27.88000,-0.000785
10107,10/26/2012,MSFT,28.21000,0.011836
10107,10/31/2012,MSFT,28.54000,0.011698
10107,11/01/2012,MSFT,29.51500,0.034163
10107,11/02/2012,MSFT,29.49980,-0.000515
10107,11/05/2012,MSFT,29.63000,0.004414
10107,11/06/2012,MSFT,29.86000,0.007762
10107,11/07/2012,MSFT,29.08000,-0.026122
10107,11/08/2012,MSFT,28.81000,-0.009285
10107,11/09/2012,MSFT,28.83000,0.000694
10107,11/12/2012,MSFT,28.22000,-0.021159
10107,11/13/2012,MSFT,27.08950,-0.040060
10107,11/14/2012,MSFT,26.84000,-0.009210
10107,11/15/2012,MSFT,26.66070,-0.006680
10107,11/16/2012,MSFT,26.52090,-0.005244
10107,11/19/2012,MSFT,26.72770,0.007798
10107,11/20/2012,MSFT,26.71000,-0.000662
10107,11/21/2012,MSFT,26.95000,0.008985
10107,11/23/2012,MSFT,27.70000,0.027829
10107,11/26/2012,MSFT,27.38500,-0.011372
10107,11/27/2012,MSFT,27.08000,-0.011137
10107,11/28/2012,MSFT,27.36000,0.010340
10107,11/29/2012,MSFT,26.95000,-0.014985
10107,11/30/2012,MSFT,26.61500,-0.012430
10107,12/03/2012,MSFT,26.42940,-0.006974
10107,12/04/2012,MSFT,26.37000,-0.002247
10107,12/05/2012,MSFT,26.67000,0.011377
10107,12/06/2012,MSFT,26.72500,0.002062
10107,12/07/2012,MSFT,26.45500,-0.010103
10107,12/10/2012,MSFT,26.94000,0.018333
10107,12/11/2012,MSFT,27.32000,0.014105
10107,12/12/2012,MSFT,27.24000,-0.002928
10107,12/13/2012,MSFT,27.11000,-0.004772
10107,12/14/2012,MSFT,26.81000,-0.011066
10107,12/17/2012,MSFT,27.09500,0.010630
10107,12/18/2012,MSFT,27.56000,0.017162
10107,12/19/2012,MSFT,27.31000,-0.009071
10107,12/20/2012,MSFT,27.68000,0.013548
10107,12/21/2012,MSFT,27.45000,-0.008309
10107,12/24/2012,MSFT,27.06000,-0.014208
10107,12/26/2012,MSFT,26.86000,-0.007391
10107,12/27/2012,MSFT,26.96000,0.003723
10107,12/28/2012,MSFT,26.55000,-0.015208
10107,12/31/2012,MSFT,26.70970,0.006015
10107,01/02/2013,MSFT,27.62000,0.034081
10107,01/03/2013,MSFT,27.25000,-0.013396
10107,01/04/2013,MSFT,26.74000,-0.018716
10107,01/07/2013,MSFT,26.69000,-0.001870
10107,01/08/2013,MSFT,26.55000,-0.005245
10107,01/09/2013,MSFT,26.70000,0.005650
10107,01/10/2013,MSFT,26.46000,-0.008989
10107,01/11/2013,MSFT,26.83000,0.013983
10107,01/14/2013,MSFT,26.89000,0.002236
10107,01/15/2013,MSFT,27.21000,0.011900
10107,01/16/2013,MSFT,27.04000,-0.006248
10107,01/17/2013,MSFT,27.25000,0.007766
10107,01/18/2013,MSFT,27.25000,0.000000
10107,01/22/2013,MSFT,27.15000,-0.003670
10107,01/23/2013,MSFT,27.61000,0.016943
10107,01/24/2013,MSFT,27.63000,0.000724
10107,01/25/2013,MSFT,27.88000,0.009048
10107,01/28/2013,MSFT,27.91100,0.001112
10107,01/29/2013,MSFT,28.01000,0.003547
10107,01/30/2013,MSFT,27.85000,-0.005712
10107,01/31/2013,MSFT,27.45000,-0.014363
10107,02/01/2013,MSFT,27.93000,0.017486
10107,02/04/2013,MSFT,27.44000,-0.017544
10107,02/05/2013,MSFT,27.49500,0.002004
10107,02/06/2013,MSFT,27.34000,-0.005637
10107,02/07/2013,MSFT,27.28300,-0.002085
10107,02/08/2013,MSFT,27.55000,0.009786
10107,02/11/2013,MSFT,27.86000,0.011252
10107,02/12/2013,MSFT,27.88000,0.000718
10107,02/13/2013,MSFT,28.03000,0.005380
10107,02/14/2013,MSFT,28.04000,0.000357
10107,02/15/2013,MSFT,28.01000,-0.001070
10107,02/19/2013,MSFT,28.04500,0.001250
10107,02/20/2013,MSFT,27.87000,-0.006240
10107,02/21/2013,MSFT,27.49000,-0.013635
10107,02/22/2013,MSFT,27.76000,0.009822
10107,02/25/2013,MSFT,27.37000,-0.014049
10107,02/26/2013,MSFT,27.37000,0.000000
10107,02/27/2013,MSFT,27.81000,0.016076
10107,02/28/2013,MSFT,27.80000,-0.000360
10107,03/01/2013,MSFT,27.95000,0.005396
10107,03/04/2013,MSFT,28.15000,0.007156
10107,03/05/2013,MSFT,28.35000,0.007105
10107,03/06/2013,MSFT,28.09000,-0.009171
10107,03/07/2013,MSFT,28.14000,0.001780
10107,03/08/2013,MSFT,28.00000,-0.004975
10107,03/11/2013,MSFT,27.87000,-0.004643
10107,03/12/2013,MSFT,27.91000,0.001435
10107,03/13/2013,MSFT,27.91500,0.000179
10107,03/14/2013,MSFT,28.13500,0.007881
10107,03/15/2013,MSFT,28.03500,-0.003554
10107,03/18/2013,MSFT,28.10000,0.002319
10107,03/19/2013,MSFT,28.18000,0.002847
10107,03/20/2013,MSFT,28.31500,0.004791
10107,03/21/2013,MSFT,28.11000,-0.007240
10107,03/22/2013,MSFT,28.25000,0.004980
10107,03/25/2013,MSFT,28.16000,-0.003186
10107,03/26/2013,MSFT,28.15500,-0.000178
10107,03/27/2013,MSFT,28.37000,0.007636
10107,03/28/2013,MSFT,28.60500,0.008283
10107,04/01/2013,MSFT,28.61000,0.000175
10107,04/02/2013,MSFT,28.80000,0.006641
10107,04/03/2013,MSFT,28.56000,-0.008333
10107,04/04/2013,MSFT,28.59500,0.001225
10107,04/05/2013,MSFT,28.70000,0.003672
10107,04/08/2013,MSFT,28.59000,-0.003833
10107,04/09/2013,MSFT,29.61000,0.035677
10107,04/10/2013,MSFT,30.28000,0.022627
10107,04/11/2013,MSFT,28.93500,-0.044419
10107,04/12/2013,MSFT,28.79000,-0.005011
10107,04/15/2013,MSFT,28.69000,-0.003473
10107,04/16/2013,MSFT,28.97000,0.009759
10107,04/17/2013,MSFT,28.82500,-0.005005
10107,04/18/2013,MSFT,28.79000,-0.001214
10107,04/19/2013,MSFT,29.76500,0.033866
10107,04/22/2013,MSFT,30.83000,0.035780
10107,04/23/2013,MSFT,30.60000,-0.007460
10107,04/24/2013,MSFT,31.76000,0.037908
10107,04/25/2013,MSFT,31.94000,0.005668
10107,04/26/2013,MSFT,31.79000,-0.004696
10107,04/29/2013,MSFT,32.61000,0.025794
10107,04/30/2013,MSFT,33.10000,0.015026
10107,05/01/2013,MSFT,32.72000,-0.011480
10107,05/02/2013,MSFT,33.16000,0.013447
10107,05/03/2013,MSFT,33.49000,0.009952
10107,05/06/2013,MSFT,33.75000,0.007763
10107,05/07/2013,MSFT,33.31000,-0.013037
10107,05/08/2013,MSFT,32.99000,-0.009607
10107,05/09/2013,MSFT,32.66000,-0.010003
10107,05/10/2013,MSFT,32.69000,0.000919
10107,05/13/2013,MSFT,33.03000,0.010401
10107,05/14/2013,MSFT,33.53000,0.015138
10107,05/15/2013,MSFT,33.84500,0.009395
10107,05/16/2013,MSFT,34.08000,0.006943
10107,05/17/2013,MSFT,34.87000,0.023181
10107,05/20/2013,MSFT,35.08000,0.006022
10107,05/21/2013,MSFT,34.85000,-0.006557
10107,05/22/2013,MSFT,34.61000,-0.006887
10107,05/23/2013,MSFT,34.15000,-0.013291
10107,05/24/2013,MSFT,34.26900,0.003485
10107,05/28/2013,MSFT,35.02000,0.021915
10107,05/29/2013,MSFT,34.88000,-0.003998
10107,05/30/2013,MSFT,35.03000,0.004300
10107,05/31/2013,MSFT,34.90000,-0.003711
10107,06/03/2013,MSFT,35.59000,0.019771
10107,06/04/2013,MSFT,34.99000,-0.016859
10107,06/05/2013,MSFT,34.78000,-0.006002
10107,06/06/2013,MSFT,34.96000,0.005175
10107,06/07/2013,MSFT,35.67000,0.020309
10107,06/10/2013,MSFT,35.47000,-0.005607
10107,06/11/2013,MSFT,34.84000,-0.017762
10107,06/12/2013,MSFT,35.00000,0.004592
10107,06/13/2013,MSFT,34.71500,-0.008143
10107,06/14/2013,MSFT,34.40000,-0.009074
10107,06/17/2013,MSFT,35.00000,0.017442
10107,06/18/2013,MSFT,34.98000,-0.000571
10107,06/19/2013,MSFT,34.59000,-0.011149
10107,06/20/2013,MSFT,33.49000,-0.031801
10107,06/21/2013,MSFT,33.26500,-0.006718
10107,06/24/2013,MSFT,33.71500,0.013528
10107,06/25/2013,MSFT,33.67000,-0.001335
10107,06/26/2013,MSFT,34.35000,0.020196
10107,06/27/2013,MSFT,34.62000,0.007860
10107,06/28/2013,MSFT,34.54500,-0.002166
10107,07/01/2013,MSFT,34.36000,-0.005355
10107,07/02/2013,MSFT,33.94000,-0.012224
10107,07/03/2013,MSFT,34.01000,0.002062
10107,07/05/2013,MSFT,34.21000,0.005881
10107,07/08/2013,MSFT,34.32500,0.003362
10107,07/09/2013,MSFT,34.35000,0.000728
10107,07/10/2013,MSFT,34.70000,0.010189
10107,07/11/2013,MSFT,35.68500,0.028386
10107,07/12/2013,MSFT,35.67000,-0.000420
10107,07/15/2013,MSFT,36.17000,0.014017
10107,07/16/2013,MSFT,36.27000,0.002765
10107,07/17/2013,MSFT,35.74000,-0.014613
10107,07/18/2013,MSFT,35.44000,-0.008394
10107,07/19/2013,MSFT,31.40000,-0.113995
10107,07/22/2013,MSFT,32.01000,0.019427
10107,07/23/2013,MSFT,31.82000,-0.005936
10107,07/24/2013,MSFT,31.96000,0.004400
10107,07/25/2013,MSFT,31.39000,-0.017835
10107,07/26/2013,MSFT,31.62000,0.007327
10107,07/29/2013,MSFT,31.54000,-0.002530
10107,07/30/2013,MSFT,31.85000,0.009829
10107,07/31/2013,MSFT,31.84000,-0.000314
10107,08/01/2013,MSFT,31.67000,-0.005339
10107,08/02/2013,MSFT,31.89000,0.006947
10107,08/05/2013,MSFT,31.70000,-0.005958
10107,08/06/2013,MSFT,31.58000,-0.003786
10107,08/07/2013,MSFT,32.06300,0.015294
10107,08/08/2013,MSFT,32.89000,0.025793
10107,08/09/2013,MSFT,32.70000,-0.005777
10107,08/12/2013,MSFT,32.87000,0.005199
10107,08/13/2013,MSFT,32.23000,-0.019471
10107,08/14/2013,MSFT,32.35000,0.003723
10107,08/15/2013,MSFT,31.79000,-0.017311
10107,08/16/2013,MSFT,31.80000,0.000315
10107,08/19/2013,MSFT,31.39300,-0.012799
10107,08/20/2013,MSFT,31.62000,0.007231
10107,08/21/2013,MSFT,31.61000,-0.000316
10107,08/22/2013,MSFT,32.39000,0.024676
10107,08/23/2013,MSFT,34.75000,0.072862
10107,08/26/2013,MSFT,34.15000,-0.017266
10107,08/27/2013,MSFT,33.26000,-0.026062
10107,08/28/2013,MSFT,33.02000,-0.007216
10107,08/29/2013,MSFT,33.55000,0.016051
10107,08/30/2013,MSFT,33.40000,-0.004471
10107,09/03/2013,MSFT,31.88000,-0.045509
10107,09/04/2013,MSFT,31.19500,-0.021487
10107,09/05/2013,MSFT,31.23500,0.001282
10107,09/06/2013,MSFT,31.15200,-0.002657
10107,09/09/2013,MSFT,31.65500,0.016147
10107,09/10/2013,MSFT,32.39000,0.023219
10107,09/11/2013,MSFT,32.74000,0.010806
10107,09/12/2013,MSFT,32.69000,-0.001527
10107,09/13/2013,MSFT,33.03000,0.010401
10107,09/16/2013,MSFT,32.80100,-0.006933
10107,09/17/2013,MSFT,32.93000,0.003933
10107,09/18/2013,MSFT,33.32000,0.011843
10107,09/19/2013,MSFT,33.64000,0.009604
10107,09/20/2013,MSFT,32.79100,-0.025238
10107,09/23/2013,MSFT,32.74000,-0.001555
10107,09/24/2013,MSFT,32.45500,-0.008705
10107,09/25/2013,MSFT,32.50500,0.001541
10107,09/26/2013,MSFT,32.77000,0.008153
10107,09/27/2013,MSFT,33.27000,0.015258
10107,09/30/2013,MSFT,33.28000,0.000301
10107,10/01/2013,MSFT,33.58000,0.009015
10107,10/02/2013,MSFT,33.92000,0.010125
10107,10/03/2013,MSFT,33.86000,-0.001769
10107,10/04/2013,MSFT,33.88000,0.000591
10107,10/07/2013,MSFT,33.30000,-0.017119
10107,10/08/2013,MSFT,33.01000,-0.008709
10107,10/09/2013,MSFT,33.07000,0.001818
10107,10/10/2013,MSFT,33.76000,0.020865
10107,10/11/2013,MSFT,34.13000,0.010960
10107,10/14/2013,MSFT,34.45000,0.009376
10107,10/15/2013,MSFT,34.49000,0.001161
10107,10/16/2013,MSFT,34.64000,0.004349
10107,10/17/2013,MSFT,34.92000,0.008083
10107,10/18/2013,MSFT,34.96000,0.001146
10107,10/21/2013,MSFT,34.99000,0.000858
10107,10/22/2013,MSFT,34.58000,-0.011718
10107,10/23/2013,MSFT,33.76000,-0.023713
10107,10/24/2013,MSFT,33.72000,-0.001185
10107,10/25/2013,MSFT,35.73000,0.059608
10107,10/28/2013,MSFT,35.57000,-0.004478
10107,10/29/2013,MSFT,35.52000,-0.001406
10107,10/30/2013,MSFT,35.54000,0.000563
10107,10/31/2013,MSFT,35.40500,-0.003799
10107,11/01/2013,MSFT,35.52500,0.003389
10107,11/04/2013,MSFT,35.94000,0.011682
10107,11/05/2013,MSFT,36.64000,0.019477
10107,11/06/2013,MSFT,38.18000,0.042031
10107,11/07/2013,MSFT,37.50000,-0.017810
10107,11/08/2013,MSFT,37.78000,0.007467
10107,11/11/2013,MSFT,37.59000,-0.005029
10107,11/12/2013,MSFT,37.36000,-0.006119
10107,11/13/2013,MSFT,38.15500,0.021279
10107,11/14/2013,MSFT,38.02100,-0.003512
10107,11/15/2013,MSFT,37.84100,-0.004734
10107,11/18/2013,MSFT,37.20000,-0.016939
10107,11/19/2013,MSFT,36.74000,-0.012366
10107,11/20/2013,MSFT,37.08000,0.009254
10107,11/21/2013,MSFT,37.40000,0.008630
10107,11/22/2013,MSFT,37.57000,0.004545
10107,11/25/2013,MSFT,37.64000,0.001863
10107,11/26/2013,MSFT,37.35000,-0.007705
10107,11/27/2013,MSFT,37.60000,0.006693
10107,11/29/2013,MSFT,38.13000,0.014096
10107,12/02/2013,MSFT,38.45000,0.008392
10107,12/03/2013,MSFT,38.31000,-0.003641
10107,12/04/2013,MSFT,38.94000,0.016445
10107,12/05/2013,MSFT,38.00000,-0.024140
10107,12/06/2013,MSFT,38.36000,0.009474
10107,12/09/2013,MSFT,38.70500,0.008994
10107,12/10/2013,MSFT,38.11000,-0.015373
10107,12/11/2013,MSFT,37.61000,-0.013120
10107,12/12/2013,MSFT,37.22000,-0.010370
10107,12/13/2013,MSFT,36.69000,-0.014240
10107,12/16/2013,MSFT,36.88500,0.005315
10107,12/17/2013,MSFT,36.52000,-0.009896
10107,12/18/2013,MSFT,36.58000,0.001643
10107,12/19/2013,MSFT,36.25000,-0.009021
10107,12/20/2013,MSFT,36.80000,0.015172
10107,12/23/2013,MSFT,36.62000,-0.004891
10107,12/24/2013,MSFT,37.08000,0.012562
10107,12/26/2013,MSFT,37.44000,0.009709
10107,12/27/2013,MSFT,37.29000,-0.004006
10107,12/30/2013,MSFT,37.29000,0.000000
10107,12/31/2013,MSFT,37.41000,0.003218
10107,01/02/2014,MSFT,37.16000,-0.006683
10107,01/03/2014,MSFT,36.91000,-0.006728
10107,01/06/2014,MSFT,36.13000,-0.021132
10107,01/07/2014,MSFT,36.41000,0.007750
10107,01/08/2014,MSFT,35.76000,-0.017852
10107,01/09/2014,MSFT,35.53000,-0.006432
10107,01/10/2014,MSFT,36.04000,0.014354
10107,01/13/2014,MSFT,34.98000,-0.029412
10107,01/14/2014,MSFT,35.78000,0.022870
10107,01/15/2014,MSFT,36.76000,0.027390
10107,01/16/2014,MSFT,36.89000,0.003536
10107,01/17/2014,MSFT,36.38000,-0.013825
10107,01/21/2014,MSFT,36.17000,-0.005772
10107,01/22/2014,MSFT,35.93000,-0.006635
10107,01/23/2014,MSFT,36.05500,0.003479
10107,01/24/2014,MSFT,36.80500,0.020802
10107,01/27/2014,MSFT,36.03000,-0.021057
10107,01/28/2014,MSFT,36.27000,0.006661
10107,01/29/2014,MSFT,36.66000,0.010753
10107,01/30/2014,MSFT,36.86000,0.005456
10107,01/31/2014,MSFT,37.84000,0.026587
10107,02/03/2014,MSFT,36.48000,-0.035941
10107,02/04/2014,MSFT,36.35000,-0.003564
10107,02/05/2014,MSFT,35.82000,-0.014580
10107,02/06/2014,MSFT,36.18000,0.010050
10107,02/07/2014,MSFT,36.56000,0.010503
10107,02/10/2014,MSFT,36.80000,0.006564
10107,02/11/2014,MSFT,37.17500,0.010190
10107,02/12/2014,MSFT,37.47000,0.007935
10107,02/13/2014,MSFT,37.61000,0.003736
10107,02/14/2014,MSFT,37.62000,0.000266
10107,02/18/2014,MSFT,37.42000,-0.005316
10107,02/19/2014,MSFT,37.51000,0.002405
10107,02/20/2014,MSFT,37.75000,0.006398
10107,02/21/2014,MSFT,37.98000,0.006093
10107,02/24/2014,MSFT,37.69000,-0.007636
10107,02/25/2014,MSFT,37.54000,-0.003980
10107,02/26/2014,MSFT,37.47000,-0.001865
10107,02/27/2014,MSFT,37.86000,0.010408
10107,02/28/2014,MSFT,38.31000,0.011886
10107,03/03/2014,MSFT,37.78000,-0.013835
10107,03/04/2014,MSFT,38.41000,0.016676
10107,03/05/2014,MSFT,38.11000,-0.007810
10107,03/06/2014,MSFT,38.15000,0.001050
10107,03/07/2014,MSFT,37.90000,-0.006553
10107,03/10/2014,MSFT,37.82000,-0.002111
10107,03/11/2014,MSFT,38.02000,0.005288
10107,03/12/2014,MSFT,38.27000,0.006575
10107,03/13/2014,MSFT,37.89000,-0.009929
10107,03/14/2014,MSFT,37.70000,-0.005014
10107,03/17/2014,MSFT,38.05000,0.009284
10107,03/18/2014,MSFT,39.55000,0.039422
10107,03/19/2014,MSFT,39.27000,-0.007080
10107,03/20/2014,MSFT,40.33000,0.026993
10107,03/21/2014,MSFT,40.16000,-0.004215
10107,03/24/2014,MSFT,40.50000,0.008466
10107,03/25/2014,MSFT,40.34000,-0.003951
10107,03/26/2014,MSFT,39.79000,-0.013634
10107,03/27/2014,MSFT,39.36000,-0.010807
10107,03/28/2014,MSFT,40.30000,0.023882
10107,03/31/2014,MSFT,40.99000,0.017122
10107,04/01/2014,MSFT,41.42000,0.010490
10107,04/02/2014,MSFT,41.35000,-0.001690
10107,04/03/2014,MSFT,41.01000,-0.008222
10107,04/04/2014,MSFT,39.87000,-0.027798
10107,04/07/2014,MSFT,39.80000,-0.001756
10107,04/08/2014,MSFT,39.82000,0.000503
10107,04/09/2014,MSFT,40.47000,0.016323
10107,04/10/2014,MSFT,39.36000,-0.027428
10107,04/11/2014,MSFT,39.20900,-0.003836
10107,04/14/2014,MSFT,39.18000,-0.000740
10107,04/15/2014,MSFT,39.75000,0.014548
10107,04/16/2014,MSFT,40.40000,0.016352
10107,04/17/2014,MSFT,40.01000,-0.009654
10107,04/21/2014,MSFT,39.94000,-0.001750
10107,04/22/2014,MSFT,39.99000,0.001252
10107,04/23/2014,MSFT,39.69000,-0.007502
10107,04/24/2014,MSFT,39.86000,0.004283
10107,04/25/2014,MSFT,39.91000,0.001254
10107,04/28/2014,MSFT,40.87000,0.024054
10107,04/29/2014,MSFT,40.51000,-0.008808
10107,04/30/2014,MSFT,40.40000,-0.002715
10107,05/01/2014,MSFT,40.00000,-0.009901
10107,05/02/2014,MSFT,39.69000,-0.007750
10107,05/05/2014,MSFT,39.43000,-0.006551
10107,05/06/2014,MSFT,39.06000,-0.009384
10107,05/07/2014,MSFT,39.42500,0.009345
10107,05/08/2014,MSFT,39.64000,0.005453
10107,05/09/2014,MSFT,39.54000,-0.002523
10107,05/12/2014,MSFT,39.97000,0.010875
10107,05/13/2014,MSFT,40.42000,0.011258
10107,05/14/2014,MSFT,40.24000,-0.004453
10107,05/15/2014,MSFT,39.60000,-0.015905
10107,05/16/2014,MSFT,39.83000,0.005808
10107,05/19/2014,MSFT,39.75000,-0.002009
10107,05/20/2014,MSFT,39.68000,-0.001761
10107,05/21/2014,MSFT,40.35000,0.016885
10107,05/22/2014,MSFT,40.10000,-0.006196
10107,05/23/2014,MSFT,40.12000,0.000499
10107,05/27/2014,MSFT,40.19000,0.001745
10107,05/28/2014,MSFT,40.01000,-0.004479
10107,05/29/2014,MSFT,40.34000,0.008248
10107,05/30/2014,MSFT,40.94000,0.014874
10107,06/02/2014,MSFT,40.79000,-0.003664
10107,06/03/2014,MSFT,40.29000,-0.012258
10107,06/04/2014,MSFT,40.32000,0.000745
10107,06/05/2014,MSFT,41.21000,0.022073
10107,06/06/2014,MSFT,41.48000,0.006552
10107,06/09/2014,MSFT,41.27000,-0.005063
10107,06/10/2014,MSFT,41.11000,-0.003877
10107,06/11/2014,MSFT,40.86000,-0.006081
10107,06/12/2014,MSFT,40.58000,-0.006853
10107,06/13/2014,MSFT,41.23000,0.016018
10107,06/16/2014,MSFT,41.50000,0.006549
10107,06/17/2014,MSFT,41.68000,0.004337
10107,06/18/2014,MSFT,41.65000,-0.000720
10107,06/19/2014,MSFT,41.51000,-0.003361
10107,06/20/2014,MSFT,41.68000,0.004095
10107,06/23/2014,MSFT,41.99000,0.007438
10107,06/24/2014,MSFT,41.74500,-0.005835
10107,06/25/2014,MSFT,42.03000,0.006827
10107,06/26/2014,MSFT,41.72000,-0.007376
10107,06/27/2014,MSFT,42.25000,0.012704
10107,06/30/2014,MSFT,41.70000,-0.013018
10107,07/01/2014,MSFT,41.87000,0.004077
10107,07/02/2014,MSFT,41.90000,0.000717
10107,07/03/2014,MSFT,41.80000,-0.002387
10107,07/07/2014,MSFT,41.99000,0.004546
10107,07/08/2014,MSFT,41.78000,-0.005001
10107,07/09/2014,MSFT,41.67000,-0.002633
10107,07/10/2014,MSFT,41.68500,0.000360
10107,07/11/2014,MSFT,42.09000,0.009716
10107,07/14/2014,MSFT,42.14000,0.001188
10107,07/15/2014,MSFT,42.45000,0.007356
10107,07/16/2014,MSFT,44.08000,0.038398
10107,07/17/2014,MSFT,44.53000,0.010209
10107,07/18/2014,MSFT,44.69000,0.003593
10107,07/21/2014,MSFT,44.83500,0.003245
10107,07/22/2014,MSFT,44.83000,-0.000111
10107,07/23/2014,MSFT,44.87000,0.000892
10107,07/24/2014,MSFT,44.40000,-0.010475
10107,07/25/2014,MSFT,44.50000,0.002252
10107,07/28/2014,MSFT,43.97000,-0.011910
10107,07/29/2014,MSFT,43.88500,-0.001933
10107,07/30/2014,MSFT,43.57850,-0.006984
10107,07/31/2014,MSFT,43.16000,-0.009603
10107,08/01/2014,MSFT,42.86000,-0.006951
10107,08/04/2014,MSFT,43.37000,0.011899
10107,08/05/2014,MSFT,43.08000,-0.006687
10107,08/06/2014,MSFT,42.74000,-0.007892
10107,08/07/2014,MSFT,43.23000,0.011465
10107,08/08/2014,MSFT,43.20000,-0.000694
10107,08/11/2014,MSFT,43.20000,0.000000
10107,08/12/2014,MSFT,43.52000,0.007407
10107,08/13/2014,MSFT,44.08000,0.012868
10107,08/14/2014,MSFT,44.27000,0.004310
10107,08/15/2014,MSFT,44.79000,0.011746
10107,08/18/2014,MSFT,45.11000,0.007144
10107,08/19/2014,MSFT,45.33000,0.004877
10107,08/20/2014,MSFT,44.95000,-0.008383
10107,08/21/2014,MSFT,45.22000,0.006007
10107,08/22/2014,MSFT,45.15000,-0.001548
10107,08/25/2014,MSFT,45.17000,0.000443
10107,08/26/2014,MSFT,45.00500,-0.003653
10107,08/27/2014,MSFT,44.87000,-0.003000
10107,08/28/2014,MSFT,44.88000,0.000223
10107,08/29/2014,MSFT,45.43000,0.012255
10107,09/02/2014,MSFT,45.09000,-0.007484
10107,09/03/2014,MSFT,44.96000,-0.002883
10107,09/04/2014,MSFT,45.26000,0.006673
10107,09/05/2014,MSFT,45.91000,0.014362
10107,09/08/2014,MSFT,46.47000,0.012198
10107,09/09/2014,MSFT,46.76000,0.006241
10107,09/10/2014,MSFT,46.84000,0.001711
10107,09/11/2014,MSFT,47.00000,0.003416
10107,09/12/2014,MSFT,46.69500,-0.006489
10107,09/15/2014,MSFT,46.24000,-0.009744
10107,09/16/2014,MSFT,46.76000,0.011246
10107,09/17/2014,MSFT,46.52000,-0.005133
10107,09/18/2014,MSFT,46.68000,0.003439
10107,09/19/2014,MSFT,47.52000,0.017995
10107,09/22/2014,MSFT,47.06000,-0.009680
10107,09/23/2014,MSFT,46.56000,-0.010625
10107,09/24/2014,MSFT,47.08000,0.011168
10107,09/25/2014,MSFT,46.04000,-0.022090
10107,09/26/2014,MSFT,46.41000,0.008036
10107,09/29/2014,MSFT,46.44000,0.000646
10107,09/30/2014,MSFT,46.36000,-0.001723
10107,10/01/2014,MSFT,45.90000,-0.009922
10107,10/02/2014,MSFT,45.76000,-0.003050
10107,10/03/2014,MSFT,46.09000,0.007212
10107,10/06/2014,MSFT,46.09000,0.000000
10107,10/07/2014,MSFT,45.53000,-0.012150
10107,10/08/2014,MSFT,46.78000,0.027454
10107,10/09/2014,MSFT,45.85000,-0.019880
10107,10/10/2014,MSFT,44.03000,-0.039695
10107,10/13/2014,MSFT,43.65000,-0.008630
10107,10/14/2014,MSFT,43.73000,0.001833
10107,10/15/2014,MSFT,43.22000,-0.011662
10107,10/16/2014,MSFT,42.74000,-0.011106
10107,10/17/2014,MSFT,43.63000,0.020824
10107,10/20/2014,MSFT,44.08000,0.010314
10107,10/21/2014,MSFT,44.88000,0.018149
10107,10/22/2014,MSFT,44.38000,-0.011141
10107,10/23/2014,MSFT,45.02000,0.014421
10107,10/24/2014,MSFT,46.13000,0.024656
10107,10/27/2014,MSFT,45.91000,-0.004769
10107,10/28/2014,MSFT,46.49000,0.012633
10107,10/29/2014,MSFT,46.62000,0.002796
10107,10/30/2014,MSFT,46.05000,-0.012227
10107,10/31/2014,MSFT,46.95000,0.019544
10107,11/03/2014,MSFT,47.44000,0.010437
10107,11/04/2014,MSFT,47.57000,0.002740
10107,11/05/2014,MSFT,47.86000,0.006096
10107,11/06/2014,MSFT,48.70000,0.017551
10107,11/07/2014,MSFT,48.68000,-0.000411
10107,11/10/2014,MSFT,48.89000,0.004314
10107,11/11/2014,MSFT,48.87000,-0.000409
10107,11/12/2014,MSFT,48.78000,-0.001842
10107,11/13/2014,MSFT,49.61000,0.017015
10107,11/14/2014,MSFT,49.58000,-0.000605
10107,11/17/2014,MSFT,49.46000,-0.002420
10107,11/18/2014,MSFT,48.74000,-0.014557
10107,11/19/2014,MSFT,48.22000,-0.010669
10107,11/20/2014,MSFT,48.70000,0.009954
10107,11/21/2014,MSFT,47.98000,-0.014784
10107,11/24/2014,MSFT,47.59000,-0.008128
10107,11/25/2014,MSFT,47.47000,-0.002522
10107,11/26/2014,MSFT,47.75000,0.005898
10107,11/28/2014,MSFT,47.81000,0.001257
10107,12/01/2014,MSFT,48.62000,0.016942
10107,12/02/2014,MSFT,48.46000,-0.003291
10107,12/03/2014,MSFT,48.08000,-0.007841
10107,12/04/2014,MSFT,48.84000,0.015807
10107,12/05/2014,MSFT,48.42000,-0.008600
10107,12/08/2014,MSFT,47.69500,-0.014973
10107,12/09/2014,MSFT,47.59000,-0.002201
10107,12/10/2014,MSFT,46.90000,-0.014499
10107,12/11/2014,MSFT,47.17000,0.005757
10107,12/12/2014,MSFT,46.95000,-0.004664
10107,12/15/2014,MSFT,46.67000,-0.005964
10107,12/16/2014,MSFT,45.16000,-0.032355
10107,12/17/2014,MSFT,45.74000,0.012843
10107,12/18/2014,MSFT,47.52000,0.038916
10107,12/19/2014,MSFT,47.66000,0.002946
10107,12/22/2014,MSFT,47.98000,0.006714
10107,12/23/2014,MSFT,48.45000,0.009796
10107,12/24/2014,MSFT,48.14000,-0.006398
10107,12/26/2014,MSFT,47.88000,-0.005401
10107,12/29/2014,MSFT,47.45000,-0.008981
10107,12/30/2014,MSFT,47.02000,-0.009062
10107,12/31/2014,MSFT,46.45000,-0.012122
10107,01/02/2015,MSFT,46.76000,0.006674
10107,01/05/2015,MSFT,46.32500,-0.009303
10107,01/06/2015,MSFT,45.65000,-0.014571
10107,01/07/2015,MSFT,46.23000,0.012705
10107,01/08/2015,MSFT,47.59000,0.029418
10107,01/09/2015,MSFT,47.19000,-0.008405
10107,01/12/2015,MSFT,46.60000,-0.012503
10107,01/13/2015,MSFT,46.35500,-0.005257
10107,01/14/2015,MSFT,45.95500,-0.008629
10107,01/15/2015,MSFT,45.48000,-0.010336
10107,01/16/2015,MSFT,46.24000,0.016711
10107,01/20/2015,MSFT,46.39000,0.003244
10107,01/21/2015,MSFT,45.92000,-0.010132
10107,01/22/2015,MSFT,47.13000,0.026350
10107,01/23/2015,MSFT,47.18000,0.001061
10107,01/26/2015,MSFT,47.01000,-0.003603
10107,01/27/2015,MSFT,42.66000,-0.092533
10107,01/28/2015,MSFT,41.19000,-0.034459
10107,01/29/2015,MSFT,42.01000,0.019908
10107,01/30/2015,MSFT,40.40000,-0.038324
10107,02/02/2015,MSFT,41.28000,0.021782
10107,02/03/2015,MSFT,41.60000,0.007752
10107,02/04/2015,MSFT,41.84000,0.005769
10107,02/05/2015,MSFT,42.45000,0.014579
10107,02/06/2015,MSFT,42.41000,-0.000942
10107,02/09/2015,MSFT,42.36000,-0.001179
10107,02/10/2015,MSFT,42.60000,0.005666
10107,02/11/2015,MSFT,42.38000,-0.005164
10107,02/12/2015,MSFT,43.09000,0.016753
10107,02/13/2015,MSFT,43.87000,0.018102
10107,02/17/2015,MSFT,43.58000,-0.006610
10107,02/18/2015,MSFT,43.53000,-0.001147
10107,02/19/2015,MSFT,43.50000,-0.000689
10107,02/20/2015,MSFT,43.85500,0.008161
10107,02/23/2015,MSFT,44.15000,0.006727
10107,02/24/2015,MSFT,44.09000,-0.001359
10107,02/25/2015,MSFT,43.99000,-0.002268
10107,02/26/2015,MSFT,44.05500,0.001478
10107,02/27/2015,MSFT,43.85000,-0.004653
10107,03/02/2015,MSFT,43.88000,0.000684
10107,03/03/2015,MSFT,43.28000,-0.013674
10107,03/04/2015,MSFT,43.05500,-0.005199
10107,03/05/2015,MSFT,43.11000,0.001277
10107,03/06/2015,MSFT,42.36000,-0.017397
10107,03/09/2015,MSFT,42.85000,0.011567
10107,03/10/2015,MSFT,42.03000,-0.019137
10107,03/11/2015,MSFT,41.98000,-0.001190
10107,03/12/2015,MSFT,41.02000,-0.022868
10107,03/13/2015,MSFT,41.38000,0.008776
10107,03/16/2015,MSFT,41.56000,0.004350
10107,03/17/2015,MSFT,41.69500,0.003248
10107,03/18/2015,MSFT,42.50000,0.019307
10107,03/19/2015,MSFT,42.28500,-0.005059
10107,03/20/2015,MSFT,42.88000,0.014071
10107,03/23/2015,MSFT,42.85500,-0.000583
10107,03/24/2015,MSFT,42.90000,0.001050
10107,03/25/2015,MSFT,41.46000,-0.033566
10107,03/26/2015,MSFT,41.21000,-0.006030
10107,03/27/2015,MSFT,40.97000,-0.005824
10107,03/30/2015,MSFT,40.96000,-0.000244
10107,03/31/2015,MSFT,40.65500,-0.007446
10107,04/01/2015,MSFT,40.72000,0.001599
10107,04/02/2015,MSFT,40.29000,-0.010560
10107,04/06/2015,MSFT,41.54500,0.031149
10107,04/07/2015,MSFT,41.53000,-0.000361
10107,04/08/2015,MSFT,41.42000,-0.002649
10107,04/09/2015,MSFT,41.48000,0.001449
10107,04/10/2015,MSFT,41.72000,0.005786
10107,04/13/2015,MSFT,41.76000,0.000959
10107,04/14/2015,MSFT,41.65000,-0.002634
10107,04/15/2015,MSFT,42.25500,0.014526
10107,04/16/2015,MSFT,42.16000,-0.002248
10107,04/17/2015,MSFT,41.61500,-0.012927
10107,04/20/2015,MSFT,42.90500,0.030998
10107,04/21/2015,MSFT,42.63500,-0.006293
10107,04/22/2015,MSFT,42.98500,0.008209
10107,04/23/2015,MSFT,43.34000,0.008259
10107,04/24/2015,MSFT,47.87000,0.104522
10107,04/27/2015,MSFT,48.03000,0.003342
10107,04/28/2015,MSFT,49.15500,0.023423
10107,04/29/2015,MSFT,49.06000,-0.001933
10107,04/30/2015,MSFT,48.64000,-0.008561
10107,05/01/2015,MSFT,48.65500,0.000308
10107,05/04/2015,MSFT,48.24000,-0.008529
10107,05/05/2015,MSFT,47.60000,-0.013267
10107,05/06/2015,MSFT,46.28000,-0.027731
10107,05/07/2015,MSFT,46.70000,0.009075
10107,05/08/2015,MSFT,47.75000,0.022484
10107,05/11/2015,MSFT,47.37000,-0.007958
10107,05/12/2015,MSFT,47.35000,-0.000422
10107,05/13/2015,MSFT,47.62500,0.005808
10107,05/14/2015,MSFT,48.72000,0.022992
10107,05/15/2015,MSFT,48.29500,-0.008723
10107,05/18/2015,MSFT,48.01000,-0.005901
10107,05/19/2015,MSFT,47.58000,-0.008956
10107,05/20/2015,MSFT,47.58000,0.000000
10107,05/21/2015,MSFT,47.42000,-0.003363
10107,05/22/2015,MSFT,46.90000,-0.010966
10107,05/26/2015,MSFT,46.59000,-0.006610
10107,05/27/2015,MSFT,47.61000,0.021893
10107,05/28/2015,MSFT,47.45000,-0.003361
10107,05/29/2015,MSFT,46.86000,-0.012434
10107,06/01/2015,MSFT,47.23000,0.007896
10107,06/02/2015,MSFT,46.92000,-0.006564
10107,06/03/2015,MSFT,46.85000,-0.001492
10107,06/04/2015,MSFT,46.36000,-0.010459
10107,06/05/2015,MSFT,46.14000,-0.004745
10107,06/08/2015,MSFT,45.73000,-0.008886
10107,06/09/2015,MSFT,45.65000,-0.001749
10107,06/10/2015,MSFT,46.61000,0.021030
10107,06/11/2015,MSFT,46.44000,-0.003647
10107,06/12/2015,MSFT,45.97000,-0.010121
10107,06/15/2015,MSFT,45.47500,-0.010768
10107,06/16/2015,MSFT,45.83000,0.007807
10107,06/17/2015,MSFT,45.97000,0.003055
10107,06/18/2015,MSFT,46.72000,0.016315
10107,06/19/2015,MSFT,46.10000,-0.013271
10107,06/22/2015,MSFT,46.23000,0.002820
10107,06/23/2015,MSFT,45.91000,-0.006922
10107,06/24/2015,MSFT,45.63500,-0.005990
10107,06/25/2015,MSFT,45.65000,0.000329
10107,06/26/2015,MSFT,45.26000,-0.008543
10107,06/29/2015,MSFT,44.37000,-0.019664
10107,06/30/2015,MSFT,44.15000,-0.004958
10107,07/01/2015,MSFT,44.44500,0.006682
10107,07/02/2015,MSFT,44.40000,-0.001012
10107,07/06/2015,MSFT,44.39000,-0.000225
10107,07/07/2015,MSFT,44.30000,-0.002027
10107,07/08/2015,MSFT,44.24000,-0.001354
10107,07/09/2015,MSFT,44.52000,0.006329
10107,07/10/2015,MSFT,44.61000,0.002022
10107,07/13/2015,MSFT,45.54000,0.020847
10107,07/14/2015,MSFT,45.62000,0.001757
10107,07/15/2015,MSFT,45.76000,0.003069
10107,07/16/2015,MSFT,46.66000,0.019668
10107,07/17/2015,MSFT,46.62000,-0.000857
10107,07/20/2015,MSFT,46.92000,0.006435
10107,07/21/2015,MSFT,47.28000,0.007673
10107,07/22/2015,MSFT,45.54000,-0.036802
10107,07/23/2015,MSFT,46.11000,0.012516
10107,07/24/2015,MSFT,45.94000,-0.003687
10107,07/27/2015,MSFT,45.35000,-0.012843
10107,07/28/2015,MSFT,45.34000,-0.000220
10107,07/29/2015,MSFT,46.29000,0.020953
10107,07/30/2015,MSFT,46.88000,0.012746
10107,07/31/2015,MSFT,46.70000,-0.003840
10107,08/03/2015,MSFT,46.81000,0.002355
10107,08/04/2015,MSFT,47.54000,0.015595
10107,08/05/2015,MSFT,47.58000,0.000841
10107,08/06/2015,MSFT,46.62000,-0.020177
10107,08/07/2015,MSFT,46.74000,0.002574
10107,08/10/2015,MSFT,47.33000,0.012623
10107,08/11/2015,MSFT,46.41000,-0.019438
10107,08/12/2015,MSFT,46.74000,0.007111
10107,08/13/2015,MSFT,46.73000,-0.000214
10107,08/14/2015,MSFT,47.00000,0.005778
10107,08/17/2015,MSFT,47.32000,0.006809
10107,08/18/2015,MSFT,47.27000,-0.001057
10107,08/19/2015,MSFT,46.61000,-0.013962
10107,08/20/2015,MSFT,45.66000,-0.020382
10107,08/21/2015,MSFT,43.07000,-0.056724
10107,08/24/2015,MSFT,41.68000,-0.032273
10107,08/25/2015,MSFT,40.47000,-0.029031
10107,08/26/2015,MSFT,42.71000,0.055350
10107,08/27/2015,MSFT,43.90000,0.027862
10107,08/28/2015,MSFT,43.93000,0.000683
10107,08/31/2015,MSFT,43.52000,-0.009333
10107,09/01/2015,MSFT,41.82000,-0.039063
10107,09/02/2015,MSFT,43.36000,0.036825
10107,09/03/2015,MSFT,43.50000,0.003229
10107,09/04/2015,MSFT,42.61000,-0.020460
10107,09/08/2015,MSFT,43.89000,0.030040
10107,09/09/2015,MSFT,43.07000,-0.018683
10107,09/10/2015,MSFT,43.29000,0.005108
10107,09/11/2015,MSFT,43.48000,0.004389
10107,09/14/2015,MSFT,43.04000,-0.010120
10107,09/15/2015,MSFT,43.98000,0.021840
10107,09/16/2015,MSFT,44.30000,0.007276
10107,09/17/2015,MSFT,44.25000,-0.001129
10107,09/18/2015,MSFT,43.48000,-0.017401
10107,09/21/2015,MSFT,44.11000,0.014489
10107,09/22/2015,MSFT,43.90000,-0.004761
10107,09/23/2015,MSFT,43.87000,-0.000683
10107,09/24/2015,MSFT,43.91000,0.000912
10107,09/25/2015,MSFT,43.94000,0.000683
10107,09/28/2015,MSFT,43.29000,-0.014793
10107,09/29/2015,MSFT,43.44000,0.003465
10107,09/30/2015,MSFT,44.26000,0.018877
10107,10/01/2015,MSFT,44.61000,0.007908
10107,10/02/2015,MSFT,45.57000,0.021520
10107,10/05/2015,MSFT,46.63000,0.023261
10107,10/06/2015,MSFT,46.75000,0.002573
10107,10/07/2015,MSFT,46.80000,0.001070
10107,10/08/2015,MSFT,47.45000,0.013889
10107,10/09/2015,MSFT,47.11000,-0.007165
10107,10/12/2015,MSFT,47.00000,-0.002335
10107,10/13/2015,MSFT,46.89000,-0.002340
10107,10/14/2015,MSFT,46.68000,-0.004479
10107,10/15/2015,MSFT,47.01000,0.007069
10107,10/16/2015,MSFT,47.51000,0.010636
10107,10/19/2015,MSFT,47.62000,0.002315
10107,10/20/2015,MSFT,47.77000,0.003150
10107,10/21/2015,MSFT,47.20000,-0.011932
10107,10/22/2015,MSFT,48.03000,0.017585
10107,10/23/2015,MSFT,52.87000,0.100770
10107,10/26/2015,MSFT,54.25000,0.026102
10107,10/27/2015,MSFT,53.69000,-0.010323
10107,10/28/2015,MSFT,53.98000,0.005401
10107,10/29/2015,MSFT,53.36000,-0.011486
10107,10/30/2015,MSFT,52.64000,-0.013493
10107,11/02/2015,MSFT,53.24000,0.011398
10107,11/03/2015,MSFT,54.15000,0.017092
10107,11/04/2015,MSFT,54.40000,0.004617
10107,11/05/2015,MSFT,54.38000,-0.000368
10107,11/06/2015,MSFT,54.92000,0.009930
10107,11/09/2015,MSFT,54.16000,-0.013838
10107,11/10/2015,MSFT,53.51000,-0.012002
10107,11/11/2015,MSFT,53.65000,0.002616
10107,11/12/2015,MSFT,53.32000,-0.006151
10107,11/13/2015,MSFT,52.84000,-0.009002
10107,11/16/2015,MSFT,53.76500,0.017506
10107,11/17/2015,MSFT,52.97000,-0.014787
10107,11/18/2015,MSFT,53.85000,0.016613
10107,11/19/2015,MSFT,53.94000,0.001671
10107,11/20/2015,MSFT,54.19000,0.004635
10107,11/23/2015,MSFT,54.19000,0.000000
10107,11/24/2015,MSFT,54.25000,0.001107
10107,11/25/2015,MSFT,53.69000,-0.010323
10107,11/27/2015,MSFT,53.93000,0.004470
10107,11/30/2015,MSFT,54.35000,0.007788
10107,12/01/2015,MSFT,55.22000,0.016007
10107,12/02/2015,MSFT,55.21000,-0.000181
10107,12/03/2015,MSFT,54.20000,-0.018294
10107,12/04/2015,MSFT,55.91000,0.031550
10107,12/07/2015,MSFT,55.81000,-0.001789
10107,12/08/2015,MSFT,55.79000,-0.000358
10107,12/09/2015,MSFT,54.98000,-0.014519
10107,12/10/2015,MSFT,55.27000,0.005275
10107,12/11/2015,MSFT,54.06000,-0.021893
10107,12/14/2015,MSFT,55.14000,0.019978
10107,12/15/2015,MSFT,55.20000,0.001088
10107,12/16/2015,MSFT,56.13000,0.016848
10107,12/17/2015,MSFT,55.70000,-0.007661
10107,12/18/2015,MSFT,54.13000,-0.028187
10107,12/21/2015,MSFT,54.83000,0.012932
10107,12/22/2015,MSFT,55.35000,0.009484
10107,12/23/2015,MSFT,55.82000,0.008491
10107,12/24/2015,MSFT,55.67000,-0.002687
10107,12/28/2015,MSFT,55.95000,0.005030
10107,12/29/2015,MSFT,56.55000,0.010724
10107,12/30/2015,MSFT,56.31000,-0.004244
10107,12/31/2015,MSFT,55.48000,-0.014740
10107,01/04/2016,MSFT,54.80000,-0.012257
10107,01/05/2016,MSFT,55.05000,0.004562
10107,01/06/2016,MSFT,54.05000,-0.018165
10107,01/07/2016,MSFT,52.17000,-0.034783
10107,01/08/2016,MSFT,52.33000,0.003067
10107,01/11/2016,MSFT,52.30000,-0.000573
10107,01/12/2016,MSFT,52.78000,0.009178
10107,01/13/2016,MSFT,51.64000,-0.021599
10107,01/14/2016,MSFT,53.11000,0.028466
10107,01/15/2016,MSFT,50.99000,-0.039917
10107,01/19/2016,MSFT,50.56000,-0.008433
10107,01/20/2016,MSFT,50.79000,0.004549
10107,01/21/2016,MSFT,50.48000,-0.006104
10107,01/22/2016,MSFT,52.29000,0.035856
10107,01/25/2016,MSFT,51.79000,-0.009562
10107,01/26/2016,MSFT,52.17000,0.007337
10107,01/27/2016,MSFT,51.22000,-0.018210
10107,01/28/2016,MSFT,52.05500,0.016302
10107,01/29/2016,MSFT,55.09000,0.058304
10107,02/01/2016,MSFT,54.71000,-0.006898
10107,02/02/2016,MSFT,53.00000,-0.031256
10107,02/03/2016,MSFT,52.16000,-0.015849
10107,02/04/2016,MSFT,52.00000,-0.003067
10107,02/05/2016,MSFT,50.16000,-0.035385
10107,02/08/2016,MSFT,49.41000,-0.014952
10107,02/09/2016,MSFT,49.28000,-0.002631
10107,02/10/2016,MSFT,49.71000,0.008726
10107,02/11/2016,MSFT,49.69000,-0.000402
10107,02/12/2016,MSFT,50.50000,0.016301
10107,02/16/2016,MSFT,51.09000,0.011683
10107,02/17/2016,MSFT,52.42000,0.026032
10107,02/18/2016,MSFT,52.19000,-0.004388
10107,02/19/2016,MSFT,51.82000,-0.007089
10107,02/22/2016,MSFT,52.65000,0.016017
10107,02/23/2016,MSFT,51.18000,-0.027920
10107,02/24/2016,MSFT,51.36000,0.003517
10107,02/25/2016,MSFT,52.10000,0.014408
10107,02/26/2016,MSFT,51.30000,-0.015355
10107,02/29/2016,MSFT,50.88000,-0.008187
10107,03/01/2016,MSFT,52.58000,0.033412
10107,03/02/2016,MSFT,52.95000,0.007037
10107,03/03/2016,MSFT,52.35000,-0.011331
10107,03/04/2016,MSFT,52.03000,-0.006113
10107,03/07/2016,MSFT,51.03000,-0.019220
10107,03/08/2016,MSFT,51.65000,0.012150
10107,03/09/2016,MSFT,52.84000,0.023040
10107,03/10/2016,MSFT,52.05000,-0.014951
10107,03/11/2016,MSFT,53.07000,0.019597
10107,03/14/2016,MSFT,53.17000,0.001884
10107,03/15/2016,MSFT,53.59000,0.007899
10107,03/16/2016,MSFT,54.35000,0.014182
10107,03/17/2016,MSFT,54.66000,0.005704
10107,03/18/2016,MSFT,53.49000,-0.021405
10107,03/21/2016,MSFT,53.86000,0.006917
10107,03/22/2016,MSFT,54.07000,0.003899
10107,03/23/2016,MSFT,53.97000,-0.001849
10107,03/24/2016,MSFT,54.21000,0.004447
10107,03/28/2016,MSFT,53.54000,-0.012359
10107,03/29/2016,MSFT,54.71000,0.021853
10107,03/30/2016,MSFT,55.05000,0.006215
10107,03/31/2016,MSFT,55.23000,0.003270
10107,04/01/2016,MSFT,55.57000,0.006156
10107,04/04/2016,MSFT,55.43000,-0.002519
10107,04/05/2016,MSFT,54.56000,-0.015695
10107,04/06/2016,MSFT,55.12000,0.010264
10107,04/07/2016,MSFT,54.46000,-0.011974
10107,04/08/2016,MSFT,54.42000,-0.000735
10107,04/11/2016,MSFT,54.31000,-0.002021
10107,04/12/2016,MSFT,54.65000,0.006260
10107,04/13/2016,MSFT,55.35000,0.012809
10107,04/14/2016,MSFT,55.36000,0.000181
10107,04/15/2016,MSFT,55.65000,0.005238
10107,04/18/2016,MSFT,56.46000,0.014555
10107,04/19/2016,MSFT,56.39000,-0.001240
10107,04/20/2016,MSFT,55.59000,-0.014187
10107,04/21/2016,MSFT,55.78000,0.003418
10107,04/22/2016,MSFT,51.78000,-0.071710
10107,04/25/2016,MSFT,52.11000,0.006373
10107,04/26/2016,MSFT,51.44000,-0.012857
10107,04/27/2016,MSFT,50.94000,-0.009720
10107,04/28/2016,MSFT,49.90000,-0.020416
10107,04/29/2016,MSFT,49.87000,-0.000601
10107,05/02/2016,MSFT,50.61000,0.014839
10107,05/03/2016,MSFT,49.78000,-0.016400
10107,05/04/2016,MSFT,49.87000,0.001808
10107,05/05/2016,MSFT,49.94000,0.001404
10107,05/06/2016,MSFT,50.39000,0.009011
10107,05/09/2016,MSFT,50.07000,-0.006350
10107,05/10/2016,MSFT,51.02000,0.018973
10107,05/11/2016,MSFT,51.05000,0.000588
10107,05/12/2016,MSFT,51.51000,0.009011
10107,05/13/2016,MSFT,51.08000,-0.008348
10107,05/16/2016,MSFT,51.83000,0.014683
10107,05/17/2016,MSFT,50.51000,-0.025468
10107,05/18/2016,MSFT,50.81000,0.005939
10107,05/19/2016,MSFT,50.32000,-0.009644
10107,05/20/2016,MSFT,50.62000,0.005962
10107,05/23/2016,MSFT,50.03000,-0.011655
10107,05/24/2016,MSFT,51.59000,0.031181
10107,05/25/2016,MSFT,52.12000,0.010273
10107,05/26/2016,MSFT,51.89000,-0.004413
10107,05/27/2016,MSFT,52.32000,0.008287
10107,05/31/2016,MSFT,53.00000,0.012997
10107,06/01/2016,MSFT,52.85000,-0.002830
10107,06/02/2016,MSFT,52.48000,-0.007001
10107,06/03/2016,MSFT,51.79000,-0.013148
10107,06/06/2016,MSFT,52.13000,0.006565
10107,06/07/2016,MSFT,52.10000,-0.000576
10107,06/08/2016,MSFT,52.04000,-0.001152
10107,06/09/2016,MSFT,51.62000,-0.008071
10107,06/10/2016,MSFT,51.48000,-0.002712
10107,06/13/2016,MSFT,50.14000,-0.026030
10107,06/14/2016,MSFT,49.83000,-0.006183
10107,06/15/2016,MSFT,49.69000,-0.002810
10107,06/16/2016,MSFT,50.39000,0.014087
10107,06/17/2016,MSFT,50.13000,-0.005160
10107,06/20/2016,MSFT,50.07000,-0.001197
10107,06/21/2016,MSFT,51.19000,0.022369
10107,06/22/2016,MSFT,50.99000,-0.003907
10107,06/23/2016,MSFT,51.91000,0.018043
10107,06/24/2016,MSFT,49.83000,-0.040069
10107,06/27/2016,MSFT,48.43000,-0.028096
10107,06/28/2016,MSFT,49.44000,0.020855
10107,06/29/2016,MSFT,50.54000,0.022249
10107,06/30/2016,MSFT,51.17000,0.012465
10107,07/01/2016,MSFT,51.16000,-0.000195
10107,07/05/2016,MSFT,51.17000,0.000195
10107,07/06/2016,MSFT,51.38000,0.004104
10107,07/07/2016,MSFT,51.38000,0.000000
10107,07/08/2016,MSFT,52.30000,0.017906
10107,07/11/2016,MSFT,52.59000,0.005545
10107,07/12/2016,MSFT,53.21000,0.011789
10107,07/13/2016,MSFT,53.51000,0.005638
10107,07/14/2016,MSFT,53.74000,0.004298
10107,07/15/2016,MSFT,53.70000,-0.000744
10107,07/18/2016,MSFT,53.96000,0.004842
10107,07/19/2016,MSFT,53.09000,-0.016123
10107,07/20/2016,MSFT,55.91000,0.053117
10107,07/21/2016,MSFT,55.80000,-0.001967
10107,07/22/2016,MSFT,56.57000,0.013799
10107,07/25/2016,MSFT,56.73000,0.002828
10107,07/26/2016,MSFT,56.76000,0.000529
10107,07/27/2016,MSFT,56.19000,-0.010042
10107,07/28/2016,MSFT,56.21000,0.000356
10107,07/29/2016,MSFT,56.68000,0.008362
10107,08/01/2016,MSFT,56.58000,-0.001764
10107,08/02/2016,MSFT,56.58000,0.000000
10107,08/03/2016,MSFT,56.97000,0.006893
10107,08/04/2016,MSFT,57.39000,0.007372
10107,08/05/2016,MSFT,57.96000,0.009932
10107,08/08/2016,MSFT,58.06000,0.001725
10107,08/09/2016,MSFT,58.20000,0.002411
10107,08/10/2016,MSFT,58.02000,-0.003093
10107,08/11/2016,MSFT,58.30000,0.004826
10107,08/12/2016,MSFT,57.94000,-0.006175
10107,08/15/2016,MSFT,58.12000,0.003107
10107,08/16/2016,MSFT,57.44000,-0.011700
10107,08/17/2016,MSFT,57.56000,0.002089
10107,08/18/2016,MSFT,57.60000,0.000695
10107,08/19/2016,MSFT,57.62000,0.000347
10107,08/22/2016,MSFT,57.67000,0.000868
10107,08/23/2016,MSFT,57.89000,0.003815
10107,08/24/2016,MSFT,57.95000,0.001036
10107,08/25/2016,MSFT,58.17000,0.003796
10107,08/26/2016,MSFT,58.03000,-0.002407
10107,08/29/2016,MSFT,58.10000,0.001206
10107,08/30/2016,MSFT,57.89000,-0.003614
10107,08/31/2016,MSFT,57.46000,-0.007428
10107,09/01/2016,MSFT,57.59000,0.002262
10107,09/02/2016,MSFT,57.67000,0.001389
10107,09/06/2016,MSFT,57.61000,-0.001040
10107,09/07/2016,MSFT,57.66000,0.000868
10107,09/08/2016,MSFT,57.43000,-0.003989
10107,09/09/2016,MSFT,56.21000,-0.021243
10107,09/12/2016,MSFT,57.05000,0.014944
10107,09/13/2016,MSFT,56.53000,-0.009115
10107,09/14/2016,MSFT,56.26000,-0.004776
10107,09/15/2016,MSFT,57.19000,0.016530
10107,09/16/2016,MSFT,57.25000,0.001049
10107,09/19/2016,MSFT,56.93000,-0.005590
10107,09/20/2016,MSFT,56.81000,-0.002108
10107,09/21/2016,MSFT,57.76000,0.016722
10107,09/22/2016,MSFT,57.82000,0.001039
10107,09/23/2016,MSFT,57.43000,-0.006745
10107,09/26/2016,MSFT,56.90000,-0.009229
10107,09/27/2016,MSFT,57.95000,0.018453
10107,09/28/2016,MSFT,58.03000,0.001380
10107,09/29/2016,MSFT,57.40000,-0.010856
10107,09/30/2016,MSFT,57.60000,0.003484
10107,10/03/2016,MSFT,57.42000,-0.003125
10107,10/04/2016,MSFT,57.24000,-0.003135
10107,10/05/2016,MSFT,57.64000,0.006988
10107,10/06/2016,MSFT,57.74000,0.001735
10107,10/07/2016,MSFT,57.80000,0.001039
10107,10/10/2016,MSFT,58.04000,0.004152
10107,10/11/2016,MSFT,57.19000,-0.014645
10107,10/12/2016,MSFT,57.11000,-0.001399
10107,10/13/2016,MSFT,56.92000,-0.003327
10107,10/14/2016,MSFT,57.42000,0.008784
10107,10/17/2016,MSFT,57.22000,-0.003483
10107,10/18/2016,MSFT,57.66000,0.007690
10107,10/19/2016,MSFT,57.53000,-0.002255
10107,10/20/2016,MSFT,57.25000,-0.004867
10107,10/21/2016,MSFT,59.66000,0.042096
10107,10/24/2016,MSFT,61.00000,0.022461
10107,10/25/2016,MSFT,60.99000,-0.000164
10107,10/26/2016,MSFT,60.63000,-0.005903
10107,10/27/2016,MSFT,60.10000,-0.008742
10107,10/28/2016,MSFT,59.87000,-0.003827
10107,10/31/2016,MSFT,59.92000,0.000835
10107,11/01/2016,MSFT,59.80000,-0.002003
10107,11/02/2016,MSFT,59.43000,-0.006187
10107,11/03/2016,MSFT,59.21000,-0.003702
10107,11/04/2016,MSFT,58.71000,-0.008445
10107,11/07/2016,MSFT,60.42000,0.029126
10107,11/08/2016,MSFT,60.47000,0.000828
10107,11/09/2016,MSFT,60.17000,-0.004961
10107,11/10/2016,MSFT,58.70000,-0.024431
10107,11/11/2016,MSFT,59.02000,0.005451
10107,11/14/2016,MSFT,58.12000,-0.015249
10107,11/15/2016,MSFT,58.87000,0.012904
10107,11/16/2016,MSFT,59.65000,0.013250
10107,11/17/2016,MSFT,60.64000,0.016597
10107,11/18/2016,MSFT,60.35000,-0.004782
10107,11/21/2016,MSFT,60.86000,0.008451
10107,11/22/2016,MSFT,61.12000,0.004272
10107,11/23/2016,MSFT,60.40000,-0.011780
10107,11/25/2016,MSFT,60.53000,0.002152
10107,11/28/2016,MSFT,60.61000,0.001322
10107,11/29/2016,MSFT,61.09000,0.007919
10107,11/30/2016,MSFT,60.26000,-0.013587
10107,12/01/2016,MSFT,59.20000,-0.017590
10107,12/02/2016,MSFT,59.25000,0.000845
10107,12/05/2016,MSFT,60.22000,0.016371
10107,12/06/2016,MSFT,59.95000,-0.004484
10107,12/07/2016,MSFT,61.37000,0.023686
10107,12/08/2016,MSFT,61.01000,-0.005866
10107,12/09/2016,MSFT,61.97000,0.015735
10107,12/12/2016,MSFT,62.17000,0.003227
10107,12/13/2016,MSFT,62.98000,0.013029
10107,12/14/2016,MSFT,62.68000,-0.004763
10107,12/15/2016,MSFT,62.58000,-0.001595
10107,12/16/2016,MSFT,62.30000,-0.004474
10107,12/19/2016,MSFT,63.62000,0.021188
10107,12/20/2016,MSFT,63.54000,-0.001257
10107,12/21/2016,MSFT,63.54000,0.000000
10107,12/22/2016,MSFT,63.55000,0.000157
10107,12/23/2016,MSFT,63.24000,-0.004878
10107,12/27/2016,MSFT,63.28000,0.000632
10107,12/28/2016,MSFT,62.99000,-0.004583
10107,12/29/2016,MSFT,62.90000,-0.001429
10107,12/30/2016,MSFT,62.14000,-0.012083
10107,01/03/2017,MSFT,62.58000,0.007081
10107,01/04/2017,MSFT,62.30000,-0.004474
10107,01/05/2017,MSFT,62.30000,0.000000
10107,01/06/2017,MSFT,62.84000,0.008668
10107,01/09/2017,MSFT,62.64000,-0.003183
10107,01/10/2017,MSFT,62.62000,-0.000319
10107,01/11/2017,MSFT,63.19000,0.009103
10107,01/12/2017,MSFT,62.61000,-0.009179
10107,01/13/2017,MSFT,62.70000,0.001437
10107,01/17/2017,MSFT,62.53000,-0.002711
10107,01/18/2017,MSFT,62.50000,-0.000480
10107,01/19/2017,MSFT,62.30000,-0.003200
10107,01/20/2017,MSFT,62.74000,0.007063
10107,01/23/2017,MSFT,62.96000,0.003506
10107,01/24/2017,MSFT,63.52000,0.008895
10107,01/25/2017,MSFT,63.68000,0.002519
10107,01/26/2017,MSFT,64.27000,0.009265
10107,01/27/2017,MSFT,65.78000,0.023495
10107,01/30/2017,MSFT,65.13000,-0.009881
10107,01/31/2017,MSFT,64.65000,-0.007370
10107,02/01/2017,MSFT,63.58000,-0.016551
10107,02/02/2017,MSFT,63.17000,-0.006449
10107,02/03/2017,MSFT,63.68000,0.008073
10107,02/06/2017,MSFT,63.64000,-0.000628
10107,02/07/2017,MSFT,63.43000,-0.003300
10107,02/08/2017,MSFT,63.34000,-0.001419
10107,02/09/2017,MSFT,64.06000,0.011367
10107,02/10/2017,MSFT,64.00000,-0.000937
10107,02/13/2017,MSFT,64.72000,0.011250
10107,02/14/2017,MSFT,64.57000,-0.002318
10107,02/15/2017,MSFT,64.53000,-0.000619
10107,02/16/2017,MSFT,64.52000,-0.000155
10107,02/17/2017,MSFT,64.62000,0.001550
10107,02/21/2017,MSFT,64.49000,-0.002012
10107,02/22/2017,MSFT,64.36000,-0.002016
10107,02/23/2017,MSFT,64.62000,0.004040
10107,02/24/2017,MSFT,64.62000,0.000000
10107,02/27/2017,MSFT,64.23000,-0.006035
10107,02/28/2017,MSFT,63.98000,-0.003892
10107,03/01/2017,MSFT,64.94000,0.015005
10107,03/02/2017,MSFT,64.01000,-0.014321
10107,03/03/2017,MSFT,64.25000,0.003749
10107,03/06/2017,MSFT,64.27000,0.000311
10107,03/07/2017,MSFT,64.40000,0.002023
10107,03/08/2017,MSFT,64.99000,0.009161
10107,03/09/2017,MSFT,64.73000,-0.004001
10107,03/10/2017,MSFT,64.93000,0.003090
10107,03/13/2017,MSFT,64.71000,-0.003388
10107,03/14/2017,MSFT,64.41000,-0.004636
10107,03/15/2017,MSFT,64.75000,0.005279
10107,03/16/2017,MSFT,64.64000,-0.001699
10107,03/17/2017,MSFT,64.87000,0.003558
10107,03/20/2017,MSFT,64.93000,0.000925
10107,03/21/2017,MSFT,64.21000,-0.011089
10107,03/22/2017,MSFT,65.03000,0.012771
10107,03/23/2017,MSFT,64.87000,-0.002460
10107,03/24/2017,MSFT,64.98000,0.001696
10107,03/27/2017,MSFT,65.10000,0.001847
10107,03/28/2017,MSFT,65.29000,0.002919
10107,03/29/2017,MSFT,65.47000,0.002757
10107,03/30/2017,MSFT,65.71000,0.003666
10107,03/31/2017,MSFT,65.86000,0.002283
10107,04/03/2017,MSFT,65.55000,-0.004707
10107,04/04/2017,MSFT,65.73000,0.002746
10107,04/05/2017,MSFT,65.56000,-0.002586
10107,04/06/2017,MSFT,65.73000,0.002593
10107,04/07/2017,MSFT,65.68000,-0.000761
10107,04/10/2017,MSFT,65.53000,-0.002284
10107,04/11/2017,MSFT,65.48000,-0.000763
10107,04/12/2017,MSFT,65.23000,-0.003818
10107,04/13/2017,MSFT,64.95000,-0.004293
10107,04/17/2017,MSFT,65.48000,0.008160
10107,04/18/2017,MSFT,65.39000,-0.001375
10107,04/19/2017,MSFT,65.04000,-0.005352
10107,04/20/2017,MSFT,65.50000,0.007073
10107,04/21/2017,MSFT,66.40000,0.013740
10107,04/24/2017,MSFT,67.53000,0.017018
10107,04/25/2017,MSFT,67.92000,0.005775
10107,04/26/2017,MSFT,67.83000,-0.001325
10107,04/27/2017,MSFT,68.27000,0.006487
10107,04/28/2017,MSFT,68.46000,0.002783
10107,05/01/2017,MSFT,69.41000,0.013877
10107,05/02/2017,MSFT,69.30000,-0.001585
10107,05/03/2017,MSFT,69.08000,-0.003175
10107,05/04/2017,MSFT,68.81000,-0.003909
10107,05/05/2017,MSFT,69.00000,0.002761
10107,05/08/2017,MSFT,68.94000,-0.000870
10107,05/09/2017,MSFT,69.04000,0.001451
10107,05/10/2017,MSFT,69.31000,0.003911
10107,05/11/2017,MSFT,68.46000,-0.012264
10107,05/12/2017,MSFT,68.38000,-0.001169
10107,05/15/2017,MSFT,68.43000,0.000731
10107,05/16/2017,MSFT,69.41000,0.014321
10107,05/17/2017,MSFT,67.48000,-0.027806
10107,05/18/2017,MSFT,67.71000,0.003408
10107,05/19/2017,MSFT,67.69000,-0.000295
10107,05/22/2017,MSFT,68.45000,0.011228
10107,05/23/2017,MSFT,68.68000,0.003360
10107,05/24/2017,MSFT,68.77000,0.001310
10107,05/25/2017,MSFT,69.62000,0.012360
10107,05/26/2017,MSFT,69.96000,0.004884
10107,05/30/2017,MSFT,70.41000,0.006432
10107,05/31/2017,MSFT,69.84000,-0.008096
10107,06/01/2017,MSFT,70.10000,0.003723
10107,06/02/2017,MSFT,71.76000,0.023681
10107,06/05/2017,MSFT,72.28000,0.007246
10107,06/06/2017,MSFT,72.52000,0.003320
10107,06/07/2017,MSFT,72.39000,-0.001793
10107,06/08/2017,MSFT,71.95000,-0.006078
10107,06/09/2017,MSFT,70.32000,-0.022655
10107,06/12/2017,MSFT,69.78000,-0.007679
10107,06/13/2017,MSFT,70.65000,0.012468
10107,06/14/2017,MSFT,70.27000,-0.005379
10107,06/15/2017,MSFT,69.90000,-0.005265
10107,06/16/2017,MSFT,70.00000,0.001431
10107,06/19/2017,MSFT,70.87000,0.012429
10107,06/20/2017,MSFT,69.91000,-0.013546
10107,06/21/2017,MSFT,70.27000,0.005149
10107,06/22/2017,MSFT,70.26000,-0.000142
10107,06/23/2017,MSFT,71.21000,0.013521
10107,06/26/2017,MSFT,70.53000,-0.009549
10107,06/27/2017,MSFT,69.21000,-0.018715
10107,06/28/2017,MSFT,69.80000,0.008525
10107,06/29/2017,MSFT,68.49000,-0.018768
10107,06/30/2017,MSFT,68.93000,0.006424
10107,07/03/2017,MSFT,68.17000,-0.011026
10107,07/05/2017,MSFT,69.08000,0.013349
10107,07/06/2017,MSFT,68.57000,-0.007383
10107,07/07/2017,MSFT,69.46000,0.012979
10107,07/10/2017,MSFT,69.98000,0.007486
10107,07/11/2017,MSFT,69.99000,0.000143
10107,07/12/2017,MSFT,71.15000,0.016574
10107,07/13/2017,MSFT,71.77000,0.008714
10107,07/14/2017,MSFT,72.78000,0.014073
10107,07/17/2017,MSFT,73.35000,0.007832
10107,07/18/2017,MSFT,73.30000,-0.000682
10107,07/19/2017,MSFT,73.86000,0.007640
10107,07/20/2017,MSFT,74.22000,0.004874
10107,07/21/2017,MSFT,73.79000,-0.005794
10107,07/24/2017,MSFT,73.60000,-0.002575
10107,07/25/2017,MSFT,74.19000,0.008016
10107,07/26/2017,MSFT,74.05000,-0.001887
10107,07/27/2017,MSFT,73.16000,-0.012019
10107,07/28/2017,MSFT,73.04000,-0.001640
10107,07/31/2017,MSFT,72.70000,-0.004655
10107,08/01/2017,MSFT,72.58000,-0.001651
10107,08/02/2017,MSFT,72.26000,-0.004409
10107,08/03/2017,MSFT,72.15000,-0.001522
10107,08/04/2017,MSFT,72.68000,0.007346
10107,08/07/2017,MSFT,72.40000,-0.003852
10107,08/08/2017,MSFT,72.79000,0.005387
10107,08/09/2017,MSFT,72.47000,-0.004396
10107,08/10/2017,MSFT,71.41000,-0.014627
10107,08/11/2017,MSFT,72.50000,0.015264
10107,08/14/2017,MSFT,73.59000,0.015034
10107,08/15/2017,MSFT,73.22000,-0.005028
10107,08/16/2017,MSFT,73.65000,0.005873
10107,08/17/2017,MSFT,72.40000,-0.016972
10107,08/18/2017,MSFT,72.49000,0.001243
10107,08/21/2017,MSFT,72.15000,-0.004690
10107,08/22/2017,MSFT,73.16000,0.013999
10107,08/23/2017,MSFT,72.72000,-0.006014
10107,08/24/2017,MSFT,72.69000,-0.000413
10107,08/25/2017,MSFT,72.82000,0.001788
10107,08/28/2017,MSFT,72.83000,0.000137
10107,08/29/2017,MSFT,73.05000,0.003021
10107,08/30/2017,MSFT,74.01000,0.013142
10107,08/31/2017,MSFT,74.77000,0.010269
10107,09/01/2017,MSFT,73.94000,-0.011101
10107,09/05/2017,MSFT,73.61000,-0.004463
10107,09/06/2017,MSFT,73.40000,-0.002853
10107,09/07/2017,MSFT,74.34000,0.012806
10107,09/08/2017,MSFT,73.98000,-0.004843
10107,09/11/2017,MSFT,74.76000,0.010543
10107,09/12/2017,MSFT,74.68000,-0.001070
10107,09/13/2017,MSFT,75.21000,0.007097
10107,09/14/2017,MSFT,74.77000,-0.005850
10107,09/15/2017,MSFT,75.31000,0.007222
10107,09/18/2017,MSFT,75.16000,-0.001992
10107,09/19/2017,MSFT,75.44000,0.003725
10107,09/20/2017,MSFT,74.94000,-0.006628
10107,09/21/2017,MSFT,74.21000,-0.009741
10107,09/22/2017,MSFT,74.41000,0.002695
10107,09/25/2017,MSFT,73.26000,-0.015455
10107,09/26/2017,MSFT,73.26000,0.000000
10107,09/27/2017,MSFT,73.85000,0.008053
10107,09/28/2017,MSFT,73.87000,0.000271
10107,09/29/2017,MSFT,74.49000,0.008393
10107,10/02/2017,MSFT,74.61000,0.001611
10107,10/03/2017,MSFT,74.26000,-0.004691
10107,10/04/2017,MSFT,74.69000,0.005790
10107,10/05/2017,MSFT,75.97000,0.017137
10107,10/06/2017,MSFT,76.00000,0.000395
10107,10/09/2017,MSFT,76.29000,0.003816
10107,10/10/2017,MSFT,76.29000,0.000000
10107,10/11/2017,MSFT,76.42000,0.001704
10107,10/12/2017,MSFT,77.12000,0.009160
10107,10/13/2017,MSFT,77.49000,0.004798
10107,10/16/2017,MSFT,77.65000,0.002065
10107,10/17/2017,MSFT,77.59000,-0.000773
10107,10/18/2017,MSFT,77.61000,0.000258
10107,10/19/2017,MSFT,77.91000,0.003866
10107,10/20/2017,MSFT,78.81000,0.011552
10107,10/23/2017,MSFT,78.83000,0.000254
10107,10/24/2017,MSFT,78.86000,0.000381
10107,10/25/2017,MSFT,78.63000,-0.002917
10107,10/26/2017,MSFT,78.76000,0.001653
10107,10/27/2017,MSFT,83.81000,0.064119
10107,10/30/2017,MSFT,83.89000,0.000955
10107,10/31/2017,MSFT,83.18000,-0.008463
10107,11/01/2017,MSFT,83.18000,0.000000
10107,11/02/2017,MSFT,84.05000,0.010459
10107,11/03/2017,MSFT,84.14000,0.001071
10107,11/06/2017,MSFT,84.47000,0.003922
10107,11/07/2017,MSFT,84.27000,-0.002368
10107,11/08/2017,MSFT,84.56000,0.003441
10107,11/09/2017,MSFT,84.09000,-0.005558
10107,11/10/2017,MSFT,83.87000,-0.002616
10107,11/13/2017,MSFT,83.93000,0.000715
10107,11/14/2017,MSFT,84.05000,0.001430
10107,11/15/2017,MSFT,82.98000,-0.012731
10107,11/16/2017,MSFT,83.20000,0.002651
10107,11/17/2017,MSFT,82.40000,-0.009615
10107,11/20/2017,MSFT,82.53000,0.001578
10107,11/21/2017,MSFT,83.72000,0.014419
10107,11/22/2017,MSFT,83.11000,-0.007286
10107,11/24/2017,MSFT,83.26000,0.001805
10107,11/27/2017,MSFT,83.87000,0.007326
10107,11/28/2017,MSFT,84.88000,0.012042
10107,11/29/2017,MSFT,83.34000,-0.018143
10107,11/30/2017,MSFT,84.17000,0.009959
10107,12/01/2017,MSFT,84.26000,0.001069
10107,12/04/2017,MSFT,81.08000,-0.037740
10107,12/05/2017,MSFT,81.59000,0.006290
10107,12/06/2017,MSFT,82.78000,0.014585
10107,12/07/2017,MSFT,82.49000,-0.003503
10107,12/08/2017,MSFT,84.16000,0.020245
10107,12/11/2017,MSFT,85.23000,0.012714
10107,12/12/2017,MSFT,85.58000,0.004107
10107,12/13/2017,MSFT,85.35000,-0.002688
10107,12/14/2017,MSFT,84.69000,-0.007733
10107,12/15/2017,MSFT,86.85000,0.025505
10107,12/18/2017,MSFT,86.38000,-0.005412
10107,12/19/2017,MSFT,85.83000,-0.006367
10107,12/20/2017,MSFT,85.52000,-0.003612
10107,12/21/2017,MSFT,85.50000,-0.000234
10107,12/22/2017,MSFT,85.51000,0.000117
10107,12/26/2017,MSFT,85.40000,-0.001286
10107,12/27/2017,MSFT,85.71000,0.003630
10107,12/28/2017,MSFT,85.72000,0.000117
10107,12/29/2017,MSFT,85.54000,-0.002100
10107,01/02/2018,MSFT,85.95000,0.004793
10107,01/03/2018,MSFT,86.35000,0.004654
10107,01/04/2018,MSFT,87.11000,0.008801
10107,01/05/2018,MSFT,88.19000,0.012398
10107,01/08/2018,MSFT,88.28000,0.001020
10107,01/09/2018,MSFT,88.22000,-0.000680
10107,01/10/2018,MSFT,87.82000,-0.004534
10107,01/11/2018,MSFT,88.08000,0.002961
10107,01/12/2018,MSFT,89.60000,0.017257
10107,01/16/2018,MSFT,88.35000,-0.013951
10107,01/17/2018,MSFT,90.14000,0.020260
10107,01/18/2018,MSFT,90.10000,-0.000444
10107,01/19/2018,MSFT,90.00000,-0.001110
10107,01/22/2018,MSFT,91.61000,0.017889
10107,01/23/2018,MSFT,91.90000,0.003166
10107,01/24/2018,MSFT,91.82000,-0.000871
10107,01/25/2018,MSFT,92.33000,0.005554
10107,01/26/2018,MSFT,94.06000,0.018737
10107,01/29/2018,MSFT,93.92000,-0.001488
10107,01/30/2018,MSFT,92.74000,-0.012564
10107,01/31/2018,MSFT,95.01000,0.024477
10107,02/01/2018,MSFT,94.26000,-0.007894
10107,02/02/2018,MSFT,91.78000,-0.026310
10107,02/05/2018,MSFT,88.00000,-0.041185
10107,02/06/2018,MSFT,91.33000,0.037841
10107,02/07/2018,MSFT,89.61000,-0.018833
10107,02/08/2018,MSFT,85.01000,-0.051334
10107,02/09/2018,MSFT,88.18000,0.037290
10107,02/12/2018,MSFT,89.13000,0.010773
10107,02/13/2018,MSFT,89.83000,0.007854
10107,02/14/2018,MSFT,90.81000,0.010909
10107,02/15/2018,MSFT,92.66000,0.020372
10107,02/16/2018,MSFT,92.00000,-0.007123
10107,02/20/2018,MSFT,92.72000,0.007826
10107,02/21/2018,MSFT,91.49000,-0.013266
10107,02/22/2018,MSFT,91.73000,0.002623
10107,02/23/2018,MSFT,94.06000,0.025401
10107,02/26/2018,MSFT,95.42000,0.014459
10107,02/27/2018,MSFT,94.20000,-0.012786
10107,02/28/2018,MSFT,93.77000,-0.004565
10107,03/01/2018,MSFT,92.85000,-0.009811
10107,03/02/2018,MSFT,93.05000,0.002154
10107,03/05/2018,MSFT,93.64000,0.006341
10107,03/06/2018,MSFT,93.32000,-0.003417
10107,03/07/2018,MSFT,93.86000,0.005787
10107,03/08/2018,MSFT,94.43000,0.006073
10107,03/09/2018,MSFT,96.54000,0.022345
10107,03/12/2018,MSFT,96.77000,0.002382
10107,03/13/2018,MSFT,94.41000,-0.024388
10107,03/14/2018,MSFT,93.85000,-0.005932
10107,03/15/2018,MSFT,94.18000,0.003516
10107,03/16/2018,MSFT,94.60000,0.004460
10107,03/19/2018,MSFT,92.89000,-0.018076
10107,03/20/2018,MSFT,93.13000,0.002584
10107,03/21/2018,MSFT,92.48000,-0.006979
10107,03/22/2018,MSFT,89.79000,-0.029087
10107,03/23/2018,MSFT,87.18000,-0.029068
10107,03/26/2018,MSFT,93.78000,0.075705
10107,03/27/2018,MSFT,89.47000,-0.045959
10107,03/28/2018,MSFT,89.39000,-0.000894
10107,03/29/2018,MSFT,91.27000,0.021031
10107,04/02/2018,MSFT,88.52000,-0.030130
10107,04/03/2018,MSFT,89.71000,0.013443
10107,04/04/2018,MSFT,92.33000,0.029205
10107,04/05/2018,MSFT,92.38000,0.000541
10107,04/06/2018,MSFT,90.23000,-0.023273
10107,04/09/2018,MSFT,90.77000,0.005985
10107,04/10/2018,MSFT,92.88000,0.023246
10107,04/11/2018,MSFT,91.86000,-0.010982
10107,04/12/2018,MSFT,93.58000,0.018724
10107,04/13/2018,MSFT,93.08000,-0.005343
10107,04/16/2018,MSFT,94.17000,0.011710
10107,04/17/2018,MSFT,96.07000,0.020176
10107,04/18/2018,MSFT,96.44000,0.003851
10107,04/19/2018,MSFT,96.11000,-0.003422
10107,04/20/2018,MSFT,95.00000,-0.011549
10107,04/23/2018,MSFT,95.35000,0.003684
10107,04/24/2018,MSFT,93.12000,-0.023387
10107,04/25/2018,MSFT,92.31000,-0.008699
10107,04/26/2018,MSFT,94.26000,0.021125
10107,04/27/2018,MSFT,95.82000,0.016550
10107,04/30/2018,MSFT,93.52000,-0.024003
10107,05/01/2018,MSFT,95.00000,0.015826
10107,05/02/2018,MSFT,93.51000,-0.015684
10107,05/03/2018,MSFT,94.07000,0.005989
10107,05/04/2018,MSFT,95.16000,0.011587
10107,05/07/2018,MSFT,96.22000,0.011139
10107,05/08/2018,MSFT,95.81000,-0.004261
10107,05/09/2018,MSFT,96.94000,0.011794
10107,05/10/2018,MSFT,97.91000,0.010006
10107,05/11/2018,MSFT,97.70000,-0.002145
10107,05/14/2018,MSFT,98.03000,0.003378
10107,05/15/2018,MSFT,97.32000,-0.007243
10107,05/16/2018,MSFT,97.15000,-0.001747
10107,05/17/2018,MSFT,96.18000,-0.009985
10107,05/18/2018,MSFT,96.36000,0.001871
10107,05/21/2018,MSFT,97.60000,0.012868
10107,05/22/2018,MSFT,97.50000,-0.001025
10107,05/23/2018,MSFT,98.66000,0.011897
10107,05/24/2018,MSFT,98.31000,-0.003548
10107,05/25/2018,MSFT,98.36000,0.000509
10107,05/29/2018,MSFT,98.01000,-0.003558
10107,05/30/2018,MSFT,98.95000,0.009591
10107,05/31/2018,MSFT,98.84000,-0.001112
10107,06/01/2018,MSFT,100.79000,0.019729
10107,06/04/2018,MSFT,101.67000,0.008731
10107,06/05/2018,MSFT,102.19000,0.005115
10107,06/06/2018,MSFT,102.49000,0.002936
10107,06/07/2018,MSFT,100.88000,-0.015709
10107,06/08/2018,MSFT,101.63000,0.007435
10107,06/11/2018,MSFT,101.05000,-0.005707
10107,06/12/2018,MSFT,101.31000,0.002573
10107,06/13/2018,MSFT,100.85000,-0.004541
10107,06/14/2018,MSFT,101.42000,0.005652
10107,06/15/2018,MSFT,100.13000,-0.012719
10107,06/18/2018,MSFT,100.86000,0.007291
10107,06/19/2018,MSFT,100.86000,0.000000
10107,06/20/2018,MSFT,101.87000,0.010014
10107,06/21/2018,MSFT,101.14000,-0.007166
10107,06/22/2018,MSFT,100.41000,-0.007218
10107,06/25/2018,MSFT,98.39000,-0.020118
10107,06/26/2018,MSFT,99.08000,0.007013
10107,06/27/2018,MSFT,97.54000,-0.015543
10107,06/28/2018,MSFT,98.63000,0.011175
10107,06/29/2018,MSFT,98.61000,-0.000203
10107,07/02/2018,MSFT,100.01000,0.014197
10107,07/03/2018,MSFT,99.05000,-0.009599
10107,07/05/2018,MSFT,99.76000,0.007168
10107,07/06/2018,MSFT,101.16000,0.014034
10107,07/09/2018,MSFT,101.85000,0.006821
10107,07/10/2018,MSFT,102.12000,0.002651
10107,07/11/2018,MSFT,101.98000,-0.001371
10107,07/12/2018,MSFT,104.19000,0.021671
10107,07/13/2018,MSFT,105.43000,0.011901
10107,07/16/2018,MSFT,104.91000,-0.004932
10107,07/17/2018,MSFT,105.95000,0.009913
10107,07/18/2018,MSFT,105.12000,-0.007834
10107,07/19/2018,MSFT,104.40000,-0.006849
10107,07/20/2018,MSFT,106.27000,0.017912
10107,07/23/2018,MSFT,107.97000,0.015997
10107,07/24/2018,MSFT,107.66000,-0.002871
10107,07/25/2018,MSFT,110.83000,0.029445
10107,07/26/2018,MSFT,109.62000,-0.010918
10107,07/27/2018,MSFT,107.68000,-0.017698
10107,07/30/2018,MSFT,105.37000,-0.021452
10107,07/31/2018,MSFT,106.08000,0.006738
10107,08/01/2018,MSFT,106.28000,0.001885
10107,08/02/2018,MSFT,107.57000,0.012138
10107,08/03/2018,MSFT,108.04000,0.004369
10107,08/06/2018,MSFT,108.13000,0.000833
10107,08/07/2018,MSFT,108.88000,0.006936
10107,08/08/2018,MSFT,109.49000,0.005603
10107,08/09/2018,MSFT,109.67000,0.001644
10107,08/10/2018,MSFT,109.00000,-0.006109
10107,08/13/2018,MSFT,108.21000,-0.007248
10107,08/14/2018,MSFT,109.56000,0.012476
10107,08/15/2018,MSFT,107.66000,-0.017342
10107,08/16/2018,MSFT,107.64000,-0.000186
10107,08/17/2018,MSFT,107.58000,-0.000557
10107,08/20/2018,MSFT,106.87000,-0.006600
10107,08/21/2018,MSFT,105.98000,-0.008328
10107,08/22/2018,MSFT,107.06000,0.010191
10107,08/23/2018,MSFT,107.56000,0.004670
10107,08/24/2018,MSFT,108.40000,0.007810
10107,08/27/2018,MSFT,109.60000,0.011070
10107,08/28/2018,MSFT,110.26000,0.006022
10107,08/29/2018,MSFT,112.02000,0.015962
10107,08/30/2018,MSFT,111.95000,-0.000625
10107,08/31/2018,MSFT,112.33000,0.003394
10107,09/04/2018,MSFT,111.71000,-0.005519
10107,09/05/2018,MSFT,108.49000,-0.028825
10107,09/06/2018,MSFT,108.74000,0.002304
10107,09/07/2018,MSFT,108.21000,-0.004874
10107,09/10/2018,MSFT,109.38000,0.010812
10107,09/11/2018,MSFT,111.24000,0.017005
10107,09/12/2018,MSFT,111.71000,0.004225
10107,09/13/2018,MSFT,112.91000,0.010742
10107,09/14/2018,MSFT,113.37000,0.004074
10107,09/17/2018,MSFT,112.14000,-0.010849
10107,09/18/2018,MSFT,113.21000,0.009542
10107,09/19/2018,MSFT,111.70000,-0.013338
10107,09/20/2018,MSFT,113.57000,0.016741
10107,09/21/2018,MSFT,114.26000,0.006076
10107,09/24/2018,MSFT,114.67000,0.003588
10107,09/25/2018,MSFT,114.45000,-0.001919
10107,09/26/2018,MSFT,113.98000,-0.004107
10107,09/27/2018,MSFT,114.41000,0.003773
10107,09/28/2018,MSFT,114.37000,-0.000350
10107,10/01/2018,MSFT,115.61000,0.010842
10107,10/02/2018,MSFT,115.15000,-0.003979
10107,10/03/2018,MSFT,115.17000,0.000174
10107,10/04/2018,MSFT,112.79000,-0.020665
10107,10/05/2018,MSFT,112.13000,-0.005852
10107,10/08/2018,MSFT,110.85000,-0.011415
10107,10/09/2018,MSFT,112.26000,0.012720
10107,10/10/2018,MSFT,106.16000,-0.054338
10107,10/11/2018,MSFT,105.91000,-0.002355
10107,10/12/2018,MSFT,109.57000,0.034558
10107,10/15/2018,MSFT,107.60000,-0.017979
10107,10/16/2018,MSFT,111.00000,0.031599
10107,10/17/2018,MSFT,110.71000,-0.002613
10107,10/18/2018,MSFT,108.50000,-0.019962
10107,10/19/2018,MSFT,108.66000,0.001475
10107,10/22/2018,MSFT,109.63000,0.008927
10107,10/23/2018,MSFT,108.10000,-0.013956
10107,10/24/2018,MSFT,102.32000,-0.053469
10107,10/25/2018,MSFT,108.30000,0.058444
10107,10/26/2018,MSFT,106.96000,-0.012373
10107,10/29/2018,MSFT,103.85000,-0.029076
10107,10/30/2018,MSFT,103.73000,-0.001155
10107,10/31/2018,MSFT,106.81000,0.029692
10107,11/01/2018,MSFT,105.92000,-0.008333
10107,11/02/2018,MSFT,106.16000,0.002266
10107,11/05/2018,MSFT,107.51000,0.012717
10107,11/06/2018,MSFT,107.72000,0.001953
10107,11/07/2018,MSFT,111.96000,0.039361
10107,11/08/2018,MSFT,111.75000,-0.001876
10107,11/09/2018,MSFT,109.57000,-0.019508
10107,11/12/2018,MSFT,106.87000,-0.024642
10107,11/13/2018,MSFT,106.94000,0.000655
10107,11/14/2018,MSFT,104.97000,-0.018422
10107,11/15/2018,MSFT,107.28000,0.022006
10107,11/16/2018,MSFT,108.29000,0.009415
10107,11/19/2018,MSFT,104.62000,-0.033890
10107,11/20/2018,MSFT,101.71000,-0.027815
10107,11/21/2018,MSFT,103.11000,0.013765
10107,11/23/2018,MSFT,103.07000,-0.000388
10107,11/26/2018,MSFT,106.47000,0.032987
10107,11/27/2018,MSFT,107.14000,0.006293
10107,11/28/2018,MSFT,111.12000,0.037148
10107,11/29/2018,MSFT,110.19000,-0.008369
10107,11/30/2018,MSFT,110.89000,0.006353
10107,12/03/2018,MSFT,112.09000,0.010822
10107,12/04/2018,MSFT,108.52000,-0.031849
10107,12/06/2018,MSFT,109.19000,0.006174
10107,12/07/2018,MSFT,104.82000,-0.040022
10107,12/10/2018,MSFT,107.59000,0.026426
10107,12/11/2018,MSFT,108.59000,0.009295
10107,12/12/2018,MSFT,109.08000,0.004512
10107,12/13/2018,MSFT,109.45000,0.003392
10107,12/14/2018,MSFT,106.03000,-0.031247
10107,12/17/2018,MSFT,102.89000,-0.029614
10107,12/18/2018,MSFT,103.97000,0.010497
10107,12/19/2018,MSFT,103.69000,-0.002693
10107,12/20/2018,MSFT,101.51000,-0.021024
10107,12/21/2018,MSFT,98.23000,-0.032312
10107,12/24/2018,MSFT,94.13000,-0.041739
10107,12/26/2018,MSFT,100.56000,0.068310
10107,12/27/2018,MSFT,101.18000,0.006166
10107,12/28/2018,MSFT,100.39000,-0.007808
10107,12/31/2018,MSFT,101.57000,0.011754
10107,01/02/2019,MSFT,101.12000,-0.004430
10107,01/03/2019,MSFT,97.40000,-0.036788
10107,01/04/2019,MSFT,101.93000,0.046509
10107,01/07/2019,MSFT,102.06000,0.001275
10107,01/08/2019,MSFT,102.80000,0.007251
10107,01/09/2019,MSFT,104.27000,0.014300
10107,01/10/2019,MSFT,103.60000,-0.006426
10107,01/11/2019,MSFT,102.80000,-0.007722
10107,01/14/2019,MSFT,102.05000,-0.007296
10107,01/15/2019,MSFT,105.01000,0.029005
10107,01/16/2019,MSFT,105.38000,0.003523
10107,01/17/2019,MSFT,106.12000,0.007022
10107,01/18/2019,MSFT,107.71000,0.014983
10107,01/22/2019,MSFT,105.68000,-0.018847
10107,01/23/2019,MSFT,106.71000,0.009746
10107,01/24/2019,MSFT,106.20000,-0.004779
10107,01/25/2019,MSFT,107.17000,0.009134
10107,01/28/2019,MSFT,105.08000,-0.019502
10107,01/29/2019,MSFT,102.94000,-0.020365
10107,01/30/2019,MSFT,106.38000,0.033417
10107,01/31/2019,MSFT,104.43000,-0.018330
10107,02/01/2019,MSFT,102.78000,-0.015800
10107,02/04/2019,MSFT,105.74000,0.028799
10107,02/05/2019,MSFT,107.22000,0.013997
10107,02/06/2019,MSFT,106.03000,-0.011099
10107,02/07/2019,MSFT,105.27000,-0.007168
10107,02/08/2019,MSFT,105.67000,0.003800
10107,02/11/2019,MSFT,105.25000,-0.003975
10107,02/12/2019,MSFT,106.89000,0.015582
10107,02/13/2019,MSFT,106.81000,-0.000748
10107,02/14/2019,MSFT,106.90000,0.000843
10107,02/15/2019,MSFT,108.22000,0.012348
10107,02/19/2019,MSFT,108.17000,-0.000462
10107,02/20/2019,MSFT,107.15000,-0.009430
10107,02/21/2019,MSFT,109.41000,0.021092
10107,02/22/2019,MSFT,110.97000,0.014258
10107,02/25/2019,MSFT,111.59000,0.005587
10107,02/26/2019,MSFT,112.36000,0.006900
10107,02/27/2019,MSFT,112.17000,-0.001691
10107,02/28/2019,MSFT,112.03000,-0.001248
10107,03/01/2019,MSFT,112.53000,0.004463
10107,03/04/2019,MSFT,112.26000,-0.002399
10107,03/05/2019,MSFT,111.70000,-0.004988
10107,03/06/2019,MSFT,111.75000,0.000448
10107,03/07/2019,MSFT,110.39000,-0.012170
10107,03/08/2019,MSFT,110.51000,0.001087
10107,03/11/2019,MSFT,112.83000,0.020994
10107,03/12/2019,MSFT,113.62000,0.007002
10107,03/13/2019,MSFT,114.50000,0.007745
10107,03/14/2019,MSFT,114.59000,0.000786
10107,03/15/2019,MSFT,115.91000,0.011519
10107,03/18/2019,MSFT,117.57000,0.014321
10107,03/19/2019,MSFT,117.65000,0.000680
10107,03/20/2019,MSFT,117.52000,-0.001105
10107,03/21/2019,MSFT,120.22000,0.022975
10107,03/22/2019,MSFT,117.05000,-0.026368
10107,03/25/2019,MSFT,117.66000,0.005211
10107,03/26/2019,MSFT,117.91000,0.002125
10107,03/27/2019,MSFT,116.77000,-0.009668
10107,03/28/2019,MSFT,116.93000,0.001370
10107,03/29/2019,MSFT,117.94000,0.008638
10107,04/01/2019,MSFT,119.02000,0.009157
10107,04/02/2019,MSFT,119.19000,0.001428
10107,04/03/2019,MSFT,119.97000,0.006544
10107,04/04/2019,MSFT,119.36000,-0.005085
10107,04/05/2019,MSFT,119.89000,0.004440
10107,04/08/2019,MSFT,119.93000,0.000334
10107,04/09/2019,MSFT,119.28000,-0.005420
10107,04/10/2019,MSFT,120.19000,0.007629
10107,04/11/2019,MSFT,120.33000,0.001165
10107,04/12/2019,MSFT,120.95000,0.005152
10107,04/15/2019,MSFT,121.05000,0.000827
10107,04/16/2019,MSFT,120.77000,-0.002313
10107,04/17/2019,MSFT,121.77000,0.008280
10107,04/18/2019,MSFT,123.37000,0.013140
10107,04/22/2019,MSFT,123.76000,0.003161
10107,04/23/2019,MSFT,125.44000,0.013575
10107,04/24/2019,MSFT,125.01000,-0.003428
10107,04/25/2019,MSFT,129.14999,0.033117
10107,04/26/2019,MSFT,129.89000,0.005730
10107,04/29/2019,MSFT,129.77000,-0.000924
10107,04/30/2019,MSFT,130.60001,0.006396
10107,05/01/2019,MSFT,127.88000,-0.020827
10107,05/02/2019,MSFT,126.21000,-0.013059
10107,05/03/2019,MSFT,128.89999,0.021314
10107,05/06/2019,MSFT,128.14999,-0.005818
10107,05/07/2019,MSFT,125.52000,-0.020523
10107,05/08/2019,MSFT,125.51000,-0.000080
10107,05/09/2019,MSFT,125.50000,-0.000080
10107,05/10/2019,MSFT,127.13000,0.012988
10107,05/13/2019,MSFT,123.35000,-0.029733
10107,05/14/2019,MSFT,124.73000,0.011188
10107,05/15/2019,MSFT,126.02000,0.010342
10107,05/16/2019,MSFT,128.92999,0.023092
10107,05/17/2019,MSFT,128.07001,-0.006670
10107,05/20/2019,MSFT,126.22000,-0.014445
10107,05/21/2019,MSFT,126.90000,0.005387
10107,05/22/2019,MSFT,127.67000,0.006068
10107,05/23/2019,MSFT,126.18000,-0.011671
10107,05/24/2019,MSFT,126.24000,0.000475
10107,05/28/2019,MSFT,126.16000,-0.000634
10107,05/29/2019,MSFT,124.94000,-0.009670
10107,05/30/2019,MSFT,125.73000,0.006323
10107,05/31/2019,MSFT,123.68000,-0.016305
10107,06/03/2019,MSFT,119.84000,-0.031048
10107,06/04/2019,MSFT,123.16000,0.027704
10107,06/05/2019,MSFT,125.83000,0.021679
10107,06/06/2019,MSFT,127.82000,0.015815
10107,06/07/2019,MSFT,131.39999,0.028008
10107,06/10/2019,MSFT,132.60001,0.009133
10107,06/11/2019,MSFT,132.10001,-0.003771
10107,06/12/2019,MSFT,131.49001,-0.004618
10107,06/13/2019,MSFT,132.32001,0.006312
10107,06/14/2019,MSFT,132.45000,0.000982
10107,06/17/2019,MSFT,132.85001,0.003020
10107,06/18/2019,MSFT,135.16000,0.017388
10107,06/19/2019,MSFT,135.69000,0.003921
10107,06/20/2019,MSFT,136.95000,0.009286
10107,06/21/2019,MSFT,136.97000,0.000146
10107,06/24/2019,MSFT,137.78000,0.005914
10107,06/25/2019,MSFT,133.42999,-0.031572
10107,06/26/2019,MSFT,133.92999,0.003747
10107,06/27/2019,MSFT,134.14999,0.001643
10107,06/28/2019,MSFT,133.96001,-0.001416
10107,07/01/2019,MSFT,135.67999,0.012840
10107,07/02/2019,MSFT,136.58000,0.006633
10107,07/03/2019,MSFT,137.46001,0.006443
10107,07/05/2019,MSFT,137.06000,-0.002910
10107,07/08/2019,MSFT,136.96001,-0.000730
10107,07/09/2019,MSFT,136.46001,-0.003651
10107,07/10/2019,MSFT,137.85001,0.010186
10107,07/11/2019,MSFT,138.39999,0.003990
10107,07/12/2019,MSFT,138.89999,0.003613
10107,07/15/2019,MSFT,138.89999,0.000000
10107,07/16/2019,MSFT,137.08000,-0.013103
10107,07/17/2019,MSFT,136.27000,-0.005909
10107,07/18/2019,MSFT,136.42000,0.001101
10107,07/19/2019,MSFT,136.62000,0.001466
10107,07/22/2019,MSFT,138.42999,0.013248
10107,07/23/2019,MSFT,139.28999,0.006213
10107,07/24/2019,MSFT,140.72000,0.010266
10107,07/25/2019,MSFT,140.19000,-0.003766
10107,07/26/2019,MSFT,141.34000,0.008203
10107,07/29/2019,MSFT,141.03000,-0.002193
10107,07/30/2019,MSFT,140.35001,-0.004822
10107,07/31/2019,MSFT,136.27000,-0.029070
10107,08/01/2019,MSFT,138.06000,0.013136
10107,08/02/2019,MSFT,136.89999,-0.008402
10107,08/05/2019,MSFT,132.21001,-0.034258
10107,08/06/2019,MSFT,134.69000,0.018758
10107,08/07/2019,MSFT,135.28000,0.004380
10107,08/08/2019,MSFT,138.89000,0.026685
10107,08/09/2019,MSFT,137.71001,-0.008496
10107,08/12/2019,MSFT,135.78999,-0.013942
10107,08/13/2019,MSFT,138.60001,0.020694
10107,08/14/2019,MSFT,133.98000,-0.033333
10107,08/15/2019,MSFT,133.67999,-0.002239
10107,08/16/2019,MSFT,136.13000,0.018327
10107,08/19/2019,MSFT,138.41000,0.016749
10107,08/20/2019,MSFT,137.25999,-0.008309
10107,08/21/2019,MSFT,138.78999,0.011147
10107,08/22/2019,MSFT,137.78000,-0.007277
10107,08/23/2019,MSFT,133.39000,-0.031862
10107,08/26/2019,MSFT,135.45000,0.015443
10107,08/27/2019,MSFT,135.74001,0.002141
10107,08/28/2019,MSFT,135.56000,-0.001326
10107,08/29/2019,MSFT,138.12000,0.018885
10107,08/30/2019,MSFT,137.86000,-0.001882
10107,09/03/2019,MSFT,136.03999,-0.013202
10107,09/04/2019,MSFT,137.63000,0.011688
10107,09/05/2019,MSFT,140.05000,0.017583
10107,09/06/2019,MSFT,139.10001,-0.006783
10107,09/09/2019,MSFT,137.52000,-0.011359
10107,09/10/2019,MSFT,136.08000,-0.010471
10107,09/11/2019,MSFT,136.12000,0.000294
10107,09/12/2019,MSFT,137.52000,0.010285
10107,09/13/2019,MSFT,137.32001,-0.001454
10107,09/16/2019,MSFT,136.33000,-0.007209
10107,09/17/2019,MSFT,137.39000,0.007775
10107,09/18/2019,MSFT,138.52000,0.008225
10107,09/19/2019,MSFT,141.07001,0.018409
10107,09/20/2019,MSFT,139.44000,-0.011555
10107,09/23/2019,MSFT,139.14000,-0.002151
10107,09/24/2019,MSFT,137.38000,-0.012649
10107,09/25/2019,MSFT,139.36000,0.014413
10107,09/26/2019,MSFT,139.53999,0.001292
10107,09/27/2019,MSFT,137.73000,-0.012971
10107,09/30/2019,MSFT,139.03000,0.009439
10107,10/01/2019,MSFT,137.07001,-0.014098
10107,10/02/2019,MSFT,134.64999,-0.017655
10107,10/03/2019,MSFT,136.28000,0.012105
10107,10/04/2019,MSFT,138.12000,0.013502
10107,10/07/2019,MSFT,137.12000,-0.007240
10107,10/08/2019,MSFT,135.67000,-0.010575
10107,10/09/2019,MSFT,138.24001,0.018943
10107,10/10/2019,MSFT,139.10001,0.006221
10107,10/11/2019,MSFT,139.67999,0.004170
10107,10/14/2019,MSFT,139.55000,-0.000931
10107,10/15/2019,MSFT,141.57500,0.014511
10107,10/16/2019,MSFT,140.41000,-0.008229
10107,10/17/2019,MSFT,139.69000,-0.005128
10107,10/18/2019,MSFT,137.41000,-0.016322
10107,10/21/2019,MSFT,138.42999,0.007423
10107,10/22/2019,MSFT,136.37000,-0.014881
10107,10/23/2019,MSFT,137.24001,0.006380
10107,10/24/2019,MSFT,139.94000,0.019674
10107,10/25/2019,MSFT,140.73000,0.005645
10107,10/28/2019,MSFT,144.19000,0.024586
10107,10/29/2019,MSFT,142.83000,-0.009432
10107,10/30/2019,MSFT,144.61000,0.012462
10107,10/31/2019,MSFT,143.37000,-0.008575
10107,11/01/2019,MSFT,143.72000,0.002441
10107,11/04/2019,MSFT,144.55000,0.005775
10107,11/05/2019,MSFT,144.46001,-0.000623
10107,11/06/2019,MSFT,144.06000,-0.002769
10107,11/07/2019,MSFT,144.25999,0.001388
10107,11/08/2019,MSFT,145.96001,0.011784
10107,11/11/2019,MSFT,146.11000,0.001028
10107,11/12/2019,MSFT,147.07001,0.006570
10107,11/13/2019,MSFT,147.31000,0.001632
10107,11/14/2019,MSFT,148.06000,0.005091
10107,11/15/2019,MSFT,149.97000,0.012900
10107,11/18/2019,MSFT,150.34000,0.002467
10107,11/19/2019,MSFT,150.39000,0.000333
10107,11/20/2019,MSFT,149.62000,-0.005120
10107,11/21/2019,MSFT,149.48000,-0.000936
10107,11/22/2019,MSFT,149.59000,0.000736
10107,11/25/2019,MSFT,151.23000,0.010963
10107,11/26/2019,MSFT,152.03000,0.005290
10107,11/27/2019,MSFT,152.32001,0.001908
10107,11/29/2019,MSFT,151.38000,-0.006171
10107,12/02/2019,MSFT,149.55000,-0.012089
10107,12/03/2019,MSFT,149.31000,-0.001605
10107,12/04/2019,MSFT,149.85001,0.003617
10107,12/05/2019,MSFT,149.92999,0.000534
10107,12/06/2019,MSFT,151.75000,0.012139
10107,12/09/2019,MSFT,151.36000,-0.002570
10107,12/10/2019,MSFT,151.13000,-0.001520
10107,12/11/2019,MSFT,151.70000,0.003772
10107,12/12/2019,MSFT,153.24001,0.010152
10107,12/13/2019,MSFT,154.53000,0.008418
10107,12/16/2019,MSFT,155.53000,0.006471
10107,12/17/2019,MSFT,154.69000,-0.005401
10107,12/18/2019,MSFT,154.37000,-0.002069
10107,12/19/2019,MSFT,155.71001,0.008681
10107,12/20/2019,MSFT,157.41000,0.010918
10107,12/23/2019,MSFT,157.41000,0.000000
10107,12/24/2019,MSFT,157.38000,-0.000191
10107,12/26/2019,MSFT,158.67000,0.008197
10107,12/27/2019,MSFT,158.96001,0.001828
10107,12/30/2019,MSFT,157.59000,-0.008619
10107,12/31/2019,MSFT,157.70000,0.000698
